MedicineID,Medicine Name,Category,Manufacturer,Batch No,Unit Price (?),Stock Quantity,Reorder Level,Manufacture Date,Expiry Date,Supplier,Stock Value (?)
MED0001,Azithromycin 500mg,Antibiotic,Micro Labs,B15293,199.95,1552,150,2025-03-15,2027-11-30,Micro Labs,310322.4
MED0002,Pantoprazole 40mg,Antacid,Reddy Laboratories,B51970,63.48,1061,150,2025-03-15,2027-11-30,Reddy Laboratories,67352.28
MED0003,Atorvastatin 10mg,Anti-inflammatory,SunPharma Ltd,B46389,42.16,1698,150,2025-03-15,2027-11-30,SunPharma Ltd,71587.68
MED0004,Ranitidine 150mg,Antibiotic,Cipla TN,B90138,96.45,965,150,2025-03-15,2027-11-30,Cipla TN,93074.25
MED0005,Metformin 500mg,Cardiovascular,SunPharma Ltd,B24118,154.78,179,150,2025-03-15,2027-11-30,SunPharma Ltd,27705.62
MED0006,Diclofenac 50mg,Vitamin,Micro Labs,B54016,105.57,169,150,2025-03-15,2027-11-30,Micro Labs,17841.33
MED0007,Pantoprazole 40mg,Analgesic,Micro Labs,B21004,113.76,959,150,2025-03-15,2027-11-30,Micro Labs,109095.84
MED0008,Diclofenac 50mg,Analgesic,Abbott India,B13185,202.45,751,150,2025-03-15,2027-11-30,Abbott India,152039.95
MED0009,Vitamin D3 Capsule,Antidiabetic,Reddy Laboratories,B84697,175.42,122,150,2025-03-15,2027-11-30,Reddy Laboratories,21401.24
MED0010,Telmisartan 40mg,Cardiovascular,Abbott India,B84099,22.37,221,150,2025-03-15,2027-11-30,Abbott India,4943.77
MED0011,Ranitidine 150mg,Analgesic,Abbott India,B89991,36.43,418,150,2025-03-15,2027-11-30,Abbott India,15227.74
MED0012,Telmisartan 40mg,Antacid,Micro Labs,B97091,227.13,1523,150,2025-03-15,2027-11-30,Micro Labs,345918.99
MED0013,Cefixime 200mg,Cardiovascular,SunPharma Ltd,B56209,154.42,1143,150,2025-03-15,2027-11-30,SunPharma Ltd,176502.06
MED0014,Metformin 500mg,Vitamin,Reddy Laboratories,B11552,170.33,1195,150,2025-03-15,2027-11-30,Reddy Laboratories,203544.35
MED0015,Ranitidine 150mg,Antacid,Micro Labs,B38994,41.68,248,150,2025-03-15,2027-11-30,Micro Labs,10336.64
MED0016,Cetirizine Syrup,Anti-inflammatory,Abbott India,B13837,86.56,1274,150,2025-03-15,2027-11-30,Abbott India,110277.44
MED0017,Cefixime 200mg,Anti-inflammatory,Abbott India,B32347,133.51,1347,150,2025-03-15,2027-11-30,Abbott India,179837.97
MED0018,Telmisartan 40mg,Vitamin,Micro Labs,B37729,97.61,1741,150,2025-03-15,2027-11-30,Micro Labs,169939.01
MED0019,Cetirizine Syrup,Antacid,Reddy Laboratories,B39104,85.45,1230,150,2025-03-15,2027-11-30,Reddy Laboratories,105103.5
MED0020,Ranitidine 150mg,Cardiovascular,Cipla TN,B27957,14.63,368,150,2025-03-15,2027-11-30,Cipla TN,5383.84
MED0021,Pantoprazole 40mg,Antibiotic,Cipla TN,B23146,241.74,1655,150,2025-03-15,2027-11-30,Cipla TN,400079.7
MED0022,Cefixime 200mg,Antacid,Zydus Healthcare,B24202,23.28,1371,150,2025-03-15,2027-11-30,Zydus Healthcare,31916.88
MED0023,Azithromycin 500mg,Antibiotic,SunPharma Ltd,B30439,82.5,548,150,2025-03-15,2027-11-30,SunPharma Ltd,45210
MED0024,Ranitidine 150mg,Antidiabetic,Zydus Healthcare,B59474,169.91,603,150,2025-03-15,2027-11-30,Zydus Healthcare,102455.73
MED0025,Ranitidine 150mg,Vitamin,Cipla TN,B51182,179.92,1575,150,2025-03-15,2027-11-30,Cipla TN,283374
MED0026,Metformin 500mg,Cardiovascular,Abbott India,B61372,226.86,1522,150,2025-03-15,2027-11-30,Abbott India,345280.92
MED0027,Pantoprazole 40mg,Antihistamine,Cipla TN,B42934,140.45,137,150,2025-03-15,2027-11-30,Cipla TN,19241.65
MED0028,Pantoprazole 40mg,Antibiotic,Reddy Laboratories,B63158,139,1474,150,2025-03-15,2027-11-30,Reddy Laboratories,204886
MED0029,Atorvastatin 10mg,Anti-inflammatory,Micro Labs,B25552,32.33,586,150,2025-03-15,2027-11-30,Micro Labs,18945.38
MED0030,Vitamin D3 Capsule,Antidiabetic,Abbott India,B33082,72.27,975,150,2025-03-15,2027-11-30,Abbott India,70463.25
MED0031,Telmisartan 40mg,Antihistamine,Abbott India,B63685,112.58,1945,150,2025-03-15,2027-11-30,Abbott India,218968.1
MED0032,Cetirizine Syrup,Anti-inflammatory,Reddy Laboratories,B86089,188.79,504,150,2025-03-15,2027-11-30,Reddy Laboratories,95150.16
MED0033,Diclofenac 50mg,Anti-inflammatory,Reddy Laboratories,B34821,209.72,262,150,2025-03-15,2027-11-30,Reddy Laboratories,54946.64
MED0034,Ranitidine 150mg,Cardiovascular,Zydus Healthcare,B91846,98.75,1638,150,2025-03-15,2027-11-30,Zydus Healthcare,161752.5
MED0035,Azithromycin 500mg,Antacid,Micro Labs,B85516,115.4,1292,150,2025-03-15,2027-11-30,Micro Labs,149096.8
MED0036,Vitamin D3 Capsule,Cardiovascular,Zydus Healthcare,B84525,95.2,883,150,2025-03-15,2027-11-30,Zydus Healthcare,84061.6
MED0037,Ranitidine 150mg,Analgesic,Abbott India,B80440,133.32,698,150,2025-03-15,2027-11-30,Abbott India,93057.36
MED0038,Diclofenac 50mg,Antihistamine,SunPharma Ltd,B77561,241.1,152,150,2025-03-15,2027-11-30,SunPharma Ltd,36647.2
MED0039,Cetirizine Syrup,Antibiotic,SunPharma Ltd,B98586,204.82,1705,150,2025-03-15,2027-11-30,SunPharma Ltd,349218.1
MED0040,Amoxicillin 500mg,Antihistamine,Abbott India,B87818,115.53,532,150,2025-03-15,2027-11-30,Abbott India,61461.96
MED0041,Amoxicillin 500mg,Anti-inflammatory,Reddy Laboratories,B83191,15.27,1697,150,2025-03-15,2027-11-30,Reddy Laboratories,25913.19
MED0042,Amoxicillin 500mg,Antidiabetic,Micro Labs,B16880,224.49,665,150,2025-03-15,2027-11-30,Micro Labs,149285.85
MED0043,Diclofenac 50mg,Vitamin,SunPharma Ltd,B82417,79.08,1016,150,2025-03-15,2027-11-30,SunPharma Ltd,80345.28
MED0044,Diclofenac 50mg,Vitamin,SunPharma Ltd,B23229,128.72,1641,150,2025-03-15,2027-11-30,SunPharma Ltd,211229.52
MED0045,Azithromycin 500mg,Antibiotic,Abbott India,B22741,153.28,1269,150,2025-03-15,2027-11-30,Abbott India,194512.32
MED0046,Cefixime 200mg,Cardiovascular,Zydus Healthcare,B93994,71.37,729,150,2025-03-15,2027-11-30,Zydus Healthcare,52028.73
MED0047,Paracetamol 650mg,Antidiabetic,Reddy Laboratories,B24012,245.68,174,150,2025-03-15,2027-11-30,Reddy Laboratories,42748.32
MED0048,Diclofenac 50mg,Antacid,Reddy Laboratories,B89267,98.7,1280,150,2025-03-15,2027-11-30,Reddy Laboratories,126336
MED0049,Cetirizine Syrup,Antidiabetic,SunPharma Ltd,B75046,15.96,1369,150,2025-03-15,2027-11-30,SunPharma Ltd,21849.24
MED0050,Atorvastatin 10mg,Antihistamine,Reddy Laboratories,B60767,57.64,172,150,2025-03-15,2027-11-30,Reddy Laboratories,9914.08
MED0051,Paracetamol 650mg,Vitamin,Abbott India,B54379,54.29,1466,150,2025-03-15,2027-11-30,Abbott India,79589.14
MED0052,Vitamin D3 Capsule,Cardiovascular,SunPharma Ltd,B61128,146.63,374,150,2025-03-15,2027-11-30,SunPharma Ltd,54839.62
MED0053,Atorvastatin 10mg,Antibiotic,Zydus Healthcare,B19179,84.36,173,150,2025-03-15,2027-11-30,Zydus Healthcare,14594.28
MED0054,Cefixime 200mg,Antacid,SunPharma Ltd,B17198,196.01,1546,150,2025-03-15,2027-11-30,SunPharma Ltd,303031.46
MED0055,Cetirizine Syrup,Antihistamine,Zydus Healthcare,B79874,123.41,1225,150,2025-03-15,2027-11-30,Zydus Healthcare,151177.25
MED0056,Diclofenac 50mg,Analgesic,SunPharma Ltd,B11573,143.83,486,150,2025-03-15,2027-11-30,SunPharma Ltd,69901.38
MED0057,Telmisartan 40mg,Analgesic,Cipla TN,B73440,93.51,1309,150,2025-03-15,2027-11-30,Cipla TN,122404.59
MED0058,Cetirizine Syrup,Antidiabetic,Zydus Healthcare,B35379,198.27,997,150,2025-03-15,2027-11-30,Zydus Healthcare,197675.19
MED0059,Pantoprazole 40mg,Vitamin,Micro Labs,B82792,226.29,1647,150,2025-03-15,2027-11-30,Micro Labs,372699.63
MED0060,Metformin 500mg,Cardiovascular,Cipla TN,B16714,244.26,575,150,2025-03-15,2027-11-30,Cipla TN,140449.5
MED0061,Pantoprazole 40mg,Antacid,Abbott India,B68639,223.43,1744,150,2025-03-15,2027-11-30,Abbott India,389661.92
MED0062,Vitamin D3 Capsule,Antihistamine,Abbott India,B93521,156,1754,150,2025-03-15,2027-11-30,Abbott India,273624
MED0063,Ranitidine 150mg,Analgesic,Zydus Healthcare,B94010,57.8,246,150,2025-03-15,2027-11-30,Zydus Healthcare,14218.8
MED0064,Cefixime 200mg,Antihistamine,Cipla TN,B49761,217.92,1793,150,2025-03-15,2027-11-30,Cipla TN,390730.56
MED0065,Vitamin D3 Capsule,Antihistamine,Cipla TN,B10826,101.67,1437,150,2025-03-15,2027-11-30,Cipla TN,146099.79
MED0066,Azithromycin 500mg,Vitamin,Micro Labs,B38363,148.91,1060,150,2025-03-15,2027-11-30,Micro Labs,157844.6
MED0067,Amoxicillin 500mg,Cardiovascular,SunPharma Ltd,B88027,155.52,1587,150,2025-03-15,2027-11-30,SunPharma Ltd,246810.24
MED0068,Azithromycin 500mg,Cardiovascular,Cipla TN,B19825,189.4,123,150,2025-03-15,2027-11-30,Cipla TN,23296.2
MED0069,Azithromycin 500mg,Analgesic,Zydus Healthcare,B93114,246.19,1626,150,2025-03-15,2027-11-30,Zydus Healthcare,400304.94
MED0070,Amoxicillin 500mg,Antacid,SunPharma Ltd,B18316,64.72,1886,150,2025-03-15,2027-11-30,SunPharma Ltd,122061.92
MED0071,Cefixime 200mg,Antacid,Reddy Laboratories,B54494,95.49,1380,150,2025-03-15,2027-11-30,Reddy Laboratories,131776.2
MED0072,Amoxicillin 500mg,Antibiotic,Zydus Healthcare,B88682,167.63,1420,150,2025-03-15,2027-11-30,Zydus Healthcare,238034.6
MED0073,Vitamin D3 Capsule,Antibiotic,Micro Labs,B22863,24.55,289,150,2025-03-15,2027-11-30,Micro Labs,7094.95
MED0074,Diclofenac 50mg,Antacid,Zydus Healthcare,B99218,146.31,457,150,2025-03-15,2027-11-30,Zydus Healthcare,66863.67
MED0075,Cetirizine Syrup,Analgesic,Cipla TN,B91461,96.59,413,150,2025-03-15,2027-11-30,Cipla TN,39891.67
MED0076,Amoxicillin 500mg,Anti-inflammatory,Micro Labs,B13996,183.85,1694,150,2025-03-15,2027-11-30,Micro Labs,311441.9
MED0077,Telmisartan 40mg,Antibiotic,Zydus Healthcare,B65709,239.14,1765,150,2025-03-15,2027-11-30,Zydus Healthcare,422082.1
MED0078,Cetirizine Syrup,Vitamin,Zydus Healthcare,B81493,105.02,1395,150,2025-03-15,2027-11-30,Zydus Healthcare,146502.9
MED0079,Cefixime 200mg,Cardiovascular,Zydus Healthcare,B36865,61.99,685,150,2025-03-15,2027-11-30,Zydus Healthcare,42463.15
MED0080,Telmisartan 40mg,Vitamin,Abbott India,B14100,201.74,1489,150,2025-03-15,2027-11-30,Abbott India,300390.86
MED0081,Diclofenac 50mg,Antacid,Cipla TN,B85019,135.6,1807,150,2025-03-15,2027-11-30,Cipla TN,245029.2
MED0082,Pantoprazole 40mg,Antidiabetic,Zydus Healthcare,B26092,83.46,1801,150,2025-03-15,2027-11-30,Zydus Healthcare,150311.46
MED0083,Azithromycin 500mg,Analgesic,Abbott India,B23068,54.16,1634,150,2025-03-15,2027-11-30,Abbott India,88497.44
MED0084,Amoxicillin 500mg,Antibiotic,Cipla TN,B73372,198.53,578,150,2025-03-15,2027-11-30,Cipla TN,114750.34
MED0085,Atorvastatin 10mg,Vitamin,SunPharma Ltd,B17089,211.41,1823,150,2025-03-15,2027-11-30,SunPharma Ltd,385400.43
MED0086,Diclofenac 50mg,Antihistamine,Abbott India,B96700,202.99,262,150,2025-03-15,2027-11-30,Abbott India,53183.38
MED0087,Cefixime 200mg,Antihistamine,Cipla TN,B26150,172.07,1834,150,2025-03-15,2027-11-30,Cipla TN,315576.38
MED0088,Vitamin D3 Capsule,Antidiabetic,Cipla TN,B67999,42,1478,150,2025-03-15,2027-11-30,Cipla TN,62076
MED0089,Diclofenac 50mg,Vitamin,Micro Labs,B15351,166.97,728,150,2025-03-15,2027-11-30,Micro Labs,121554.16
MED0090,Paracetamol 650mg,Cardiovascular,SunPharma Ltd,B22777,191.13,453,150,2025-03-15,2027-11-30,SunPharma Ltd,86581.89
MED0091,Cetirizine Syrup,Antibiotic,Reddy Laboratories,B14714,163.94,1437,150,2025-03-15,2027-11-30,Reddy Laboratories,235581.78
MED0092,Telmisartan 40mg,Antibiotic,Reddy Laboratories,B79245,30.46,1483,150,2025-03-15,2027-11-30,Reddy Laboratories,45172.18
MED0093,Pantoprazole 40mg,Cardiovascular,Zydus Healthcare,B60808,100.17,42,150,2025-03-15,2027-11-30,Zydus Healthcare,4207.14
MED0094,Paracetamol 650mg,Vitamin,Cipla TN,B60321,126.11,321,150,2025-03-15,2027-11-30,Cipla TN,40481.31
MED0095,Atorvastatin 10mg,Vitamin,Abbott India,B50584,139.43,1124,150,2025-03-15,2027-11-30,Abbott India,156719.32
MED0096,Telmisartan 40mg,Antacid,Zydus Healthcare,B91331,23.44,1963,150,2025-03-15,2027-11-30,Zydus Healthcare,46012.72
MED0097,Ranitidine 150mg,Antibiotic,Micro Labs,B18348,73.86,275,150,2025-03-15,2027-11-30,Micro Labs,20311.5
MED0098,Azithromycin 500mg,Vitamin,Zydus Healthcare,B28640,176.49,868,150,2025-03-15,2027-11-30,Zydus Healthcare,153193.32
MED0099,Pantoprazole 40mg,Antacid,Micro Labs,B38987,136.54,463,150,2025-03-15,2027-11-30,Micro Labs,63218.02
MED0100,Telmisartan 40mg,Anti-inflammatory,SunPharma Ltd,B50194,182.21,1925,150,2025-03-15,2027-11-30,SunPharma Ltd,350754.25
MED0101,Atorvastatin 10mg,Antihistamine,Zydus Healthcare,B53452,208.82,624,150,2025-03-15,2027-11-30,Zydus Healthcare,130303.68
MED0102,Metformin 500mg,Antacid,SunPharma Ltd,B19832,7.99,548,150,2025-03-15,2027-11-30,SunPharma Ltd,4378.52
MED0103,Atorvastatin 10mg,Anti-inflammatory,Zydus Healthcare,B26802,205.27,1481,150,2025-03-15,2027-11-30,Zydus Healthcare,304004.87
MED0104,Metformin 500mg,Antacid,Zydus Healthcare,B44519,34.57,1947,150,2025-03-15,2027-11-30,Zydus Healthcare,67307.79
MED0105,Telmisartan 40mg,Antidiabetic,Zydus Healthcare,B27673,31.15,663,150,2025-03-15,2027-11-30,Zydus Healthcare,20652.45
MED0106,Ranitidine 150mg,Vitamin,Zydus Healthcare,B71407,145.48,530,150,2025-03-15,2027-11-30,Zydus Healthcare,77104.4
MED0107,Atorvastatin 10mg,Antacid,SunPharma Ltd,B98264,150.94,1327,150,2025-03-15,2027-11-30,SunPharma Ltd,200297.38
MED0108,Metformin 500mg,Vitamin,Zydus Healthcare,B14225,186.5,1672,150,2025-03-15,2027-11-30,Zydus Healthcare,311828
MED0109,Telmisartan 40mg,Anti-inflammatory,Abbott India,B21721,187.52,545,150,2025-03-15,2027-11-30,Abbott India,102198.4
MED0110,Azithromycin 500mg,Antidiabetic,Micro Labs,B51168,97.11,1782,150,2025-03-15,2027-11-30,Micro Labs,173050.02
MED0111,Paracetamol 650mg,Analgesic,Cipla TN,B21055,238.92,1685,150,2025-03-15,2027-11-30,Cipla TN,402580.2
MED0112,Diclofenac 50mg,Cardiovascular,SunPharma Ltd,B36866,13.42,910,150,2025-03-15,2027-11-30,SunPharma Ltd,12212.2
MED0113,Ranitidine 150mg,Cardiovascular,SunPharma Ltd,B92277,220.65,1201,150,2025-03-15,2027-11-30,SunPharma Ltd,265000.65
MED0114,Amoxicillin 500mg,Antibiotic,SunPharma Ltd,B56647,204.22,174,150,2025-03-15,2027-11-30,SunPharma Ltd,35534.28
MED0115,Azithromycin 500mg,Vitamin,Abbott India,B18678,169.23,387,150,2025-03-15,2027-11-30,Abbott India,65492.01
MED0116,Telmisartan 40mg,Vitamin,Reddy Laboratories,B57553,132.65,1895,150,2025-03-15,2027-11-30,Reddy Laboratories,251371.75
MED0117,Telmisartan 40mg,Anti-inflammatory,SunPharma Ltd,B61342,60.69,1090,150,2025-03-15,2027-11-30,SunPharma Ltd,66152.1
MED0118,Telmisartan 40mg,Vitamin,Reddy Laboratories,B37987,145.57,1092,150,2025-03-15,2027-11-30,Reddy Laboratories,158962.44
MED0119,Cetirizine Syrup,Anti-inflammatory,Abbott India,B23627,243.31,1937,150,2025-03-15,2027-11-30,Abbott India,471291.47
MED0120,Ranitidine 150mg,Antibiotic,Zydus Healthcare,B71486,133.09,957,150,2025-03-15,2027-11-30,Zydus Healthcare,127367.13
MED0121,Atorvastatin 10mg,Analgesic,Zydus Healthcare,B48547,167.15,1026,150,2025-03-15,2027-11-30,Zydus Healthcare,171495.9
MED0122,Amoxicillin 500mg,Analgesic,Micro Labs,B62788,216.33,1968,150,2025-03-15,2027-11-30,Micro Labs,425737.44
MED0123,Vitamin D3 Capsule,Antihistamine,Abbott India,B25921,172.15,1449,150,2025-03-15,2027-11-30,Abbott India,249445.35
MED0124,Cetirizine Syrup,Vitamin,Abbott India,B12068,206.07,720,150,2025-03-15,2027-11-30,Abbott India,148370.4
MED0125,Telmisartan 40mg,Antacid,Reddy Laboratories,B62703,53.92,1395,150,2025-03-15,2027-11-30,Reddy Laboratories,75218.4
MED0126,Ranitidine 150mg,Antihistamine,Micro Labs,B13665,222.37,1176,150,2025-03-15,2027-11-30,Micro Labs,261507.12
MED0127,Cefixime 200mg,Cardiovascular,Reddy Laboratories,B17882,44.9,1674,150,2025-03-15,2027-11-30,Reddy Laboratories,75162.6
MED0128,Amoxicillin 500mg,Anti-inflammatory,SunPharma Ltd,B93081,129.42,1691,150,2025-03-15,2027-11-30,SunPharma Ltd,218849.22
MED0129,Cefixime 200mg,Antibiotic,Reddy Laboratories,B97610,20.49,1174,150,2025-03-15,2027-11-30,Reddy Laboratories,24055.26
MED0130,Atorvastatin 10mg,Antibiotic,Reddy Laboratories,B68568,45.13,1034,150,2025-03-15,2027-11-30,Reddy Laboratories,46664.42
MED0131,Amoxicillin 500mg,Anti-inflammatory,Zydus Healthcare,B55640,65.56,1685,150,2025-03-15,2027-11-30,Zydus Healthcare,110468.6
MED0132,Metformin 500mg,Antibiotic,Reddy Laboratories,B26838,243.34,33,150,2025-03-15,2027-11-30,Reddy Laboratories,8030.22
MED0133,Amoxicillin 500mg,Vitamin,Zydus Healthcare,B76025,50.67,1926,150,2025-03-15,2027-11-30,Zydus Healthcare,97590.42
MED0134,Azithromycin 500mg,Anti-inflammatory,Micro Labs,B54264,240.89,714,150,2025-03-15,2027-11-30,Micro Labs,171995.46
MED0135,Ranitidine 150mg,Vitamin,Zydus Healthcare,B71745,243.19,1506,150,2025-03-15,2027-11-30,Zydus Healthcare,366244.14
MED0136,Paracetamol 650mg,Antibiotic,Zydus Healthcare,B87090,54.51,737,150,2025-03-15,2027-11-30,Zydus Healthcare,40173.87
MED0137,Azithromycin 500mg,Antihistamine,Abbott India,B10029,176.05,1186,150,2025-03-15,2027-11-30,Abbott India,208795.3
MED0138,Azithromycin 500mg,Antihistamine,Abbott India,B44889,207.68,1791,150,2025-03-15,2027-11-30,Abbott India,371954.88
MED0139,Telmisartan 40mg,Anti-inflammatory,Zydus Healthcare,B86821,157.32,882,150,2025-03-15,2027-11-30,Zydus Healthcare,138756.24
MED0140,Cetirizine Syrup,Antihistamine,Abbott India,B33039,31.49,1941,150,2025-03-15,2027-11-30,Abbott India,61122.09
MED0141,Vitamin D3 Capsule,Antidiabetic,Reddy Laboratories,B55819,164.05,608,150,2025-03-15,2027-11-30,Reddy Laboratories,99742.4
MED0142,Azithromycin 500mg,Cardiovascular,Reddy Laboratories,B36250,165.76,29,150,2025-03-15,2027-11-30,Reddy Laboratories,4807.04
MED0143,Pantoprazole 40mg,Anti-inflammatory,Zydus Healthcare,B35785,57.23,611,150,2025-03-15,2027-11-30,Zydus Healthcare,34967.53
MED0144,Metformin 500mg,Antacid,Cipla TN,B10357,73.92,117,150,2025-03-15,2027-11-30,Cipla TN,8648.64
MED0145,Paracetamol 650mg,Antidiabetic,SunPharma Ltd,B60978,30.45,1530,150,2025-03-15,2027-11-30,SunPharma Ltd,46588.5
MED0146,Metformin 500mg,Analgesic,Zydus Healthcare,B14447,82.69,1355,150,2025-03-15,2027-11-30,Zydus Healthcare,112044.95
MED0147,Ranitidine 150mg,Vitamin,Zydus Healthcare,B14849,38.5,1866,150,2025-03-15,2027-11-30,Zydus Healthcare,71841
MED0148,Cefixime 200mg,Antibiotic,Micro Labs,B37135,90.15,1610,150,2025-03-15,2027-11-30,Micro Labs,145141.5
MED0149,Azithromycin 500mg,Antacid,Zydus Healthcare,B44787,112.41,968,150,2025-03-15,2027-11-30,Zydus Healthcare,108812.88
MED0150,Amoxicillin 500mg,Analgesic,Cipla TN,B77891,204.79,353,150,2025-03-15,2027-11-30,Cipla TN,72290.87
MED0151,Cetirizine Syrup,Analgesic,SunPharma Ltd,B37014,33.38,579,150,2025-03-15,2027-11-30,SunPharma Ltd,19327.02
MED0152,Ranitidine 150mg,Vitamin,Micro Labs,B11027,178.35,1015,150,2025-03-15,2027-11-30,Micro Labs,181025.25
MED0153,Cefixime 200mg,Cardiovascular,Micro Labs,B25120,190.5,1907,150,2025-03-15,2027-11-30,Micro Labs,363283.5
MED0154,Pantoprazole 40mg,Cardiovascular,Micro Labs,B12912,82.69,200,150,2025-03-15,2027-11-30,Micro Labs,16538
MED0155,Pantoprazole 40mg,Antidiabetic,Abbott India,B30526,84.59,653,150,2025-03-15,2027-11-30,Abbott India,55237.27
MED0156,Azithromycin 500mg,Antacid,Micro Labs,B73128,209,608,150,2025-03-15,2027-11-30,Micro Labs,127072
MED0157,Paracetamol 650mg,Cardiovascular,Micro Labs,B27946,39.55,478,150,2025-03-15,2027-11-30,Micro Labs,18904.9
MED0158,Ranitidine 150mg,Analgesic,Cipla TN,B25428,133.17,718,150,2025-03-15,2027-11-30,Cipla TN,95616.06
MED0159,Metformin 500mg,Cardiovascular,Zydus Healthcare,B98018,49.4,1556,150,2025-03-15,2027-11-30,Zydus Healthcare,76866.4
MED0160,Atorvastatin 10mg,Cardiovascular,SunPharma Ltd,B86023,38.58,1340,150,2025-03-15,2027-11-30,SunPharma Ltd,51697.2
MED0161,Vitamin D3 Capsule,Anti-inflammatory,Micro Labs,B52459,12.62,1395,150,2025-03-15,2027-11-30,Micro Labs,17604.9
MED0162,Diclofenac 50mg,Antibiotic,Abbott India,B25072,10.5,1277,150,2025-03-15,2027-11-30,Abbott India,13408.5
MED0163,Vitamin D3 Capsule,Vitamin,Micro Labs,B45388,59.93,1028,150,2025-03-15,2027-11-30,Micro Labs,61608.04
MED0164,Diclofenac 50mg,Antacid,Cipla TN,B62282,7.59,1535,150,2025-03-15,2027-11-30,Cipla TN,11650.65
MED0165,Cefixime 200mg,Analgesic,Abbott India,B35594,140.82,500,150,2025-03-15,2027-11-30,Abbott India,70410
MED0166,Diclofenac 50mg,Antihistamine,Abbott India,B76652,62.98,1176,150,2025-03-15,2027-11-30,Abbott India,74064.48
MED0167,Telmisartan 40mg,Antidiabetic,Reddy Laboratories,B15587,79.56,1748,150,2025-03-15,2027-11-30,Reddy Laboratories,139070.88
MED0168,Diclofenac 50mg,Antibiotic,Abbott India,B37081,226.59,977,150,2025-03-15,2027-11-30,Abbott India,221378.43
MED0169,Pantoprazole 40mg,Antidiabetic,SunPharma Ltd,B89683,67.84,559,150,2025-03-15,2027-11-30,SunPharma Ltd,37922.56
MED0170,Metformin 500mg,Antidiabetic,SunPharma Ltd,B28946,239.26,678,150,2025-03-15,2027-11-30,SunPharma Ltd,162218.28
MED0171,Telmisartan 40mg,Antihistamine,SunPharma Ltd,B34440,233.75,709,150,2025-03-15,2027-11-30,SunPharma Ltd,165728.75
MED0172,Diclofenac 50mg,Antidiabetic,Reddy Laboratories,B80185,159.66,1679,150,2025-03-15,2027-11-30,Reddy Laboratories,268069.14
MED0173,Paracetamol 650mg,Analgesic,Abbott India,B95406,75.03,387,150,2025-03-15,2027-11-30,Abbott India,29036.61
MED0174,Pantoprazole 40mg,Vitamin,Zydus Healthcare,B86637,183,454,150,2025-03-15,2027-11-30,Zydus Healthcare,83082
MED0175,Pantoprazole 40mg,Anti-inflammatory,Cipla TN,B98589,91.5,1213,150,2025-03-15,2027-11-30,Cipla TN,110989.5
MED0176,Cetirizine Syrup,Anti-inflammatory,Reddy Laboratories,B65505,226.02,92,150,2025-03-15,2027-11-30,Reddy Laboratories,20793.84
MED0177,Cetirizine Syrup,Antacid,Abbott India,B25977,43.49,1197,150,2025-03-15,2027-11-30,Abbott India,52057.53
MED0178,Cetirizine Syrup,Antihistamine,Abbott India,B98197,248.6,455,150,2025-03-15,2027-11-30,Abbott India,113113
MED0179,Vitamin D3 Capsule,Cardiovascular,Cipla TN,B69643,83.92,542,150,2025-03-15,2027-11-30,Cipla TN,45484.64
MED0180,Pantoprazole 40mg,Antacid,Abbott India,B78951,19.99,1914,150,2025-03-15,2027-11-30,Abbott India,38260.86
MED0181,Diclofenac 50mg,Anti-inflammatory,Abbott India,B35568,175.83,1705,150,2025-03-15,2027-11-30,Abbott India,299790.15
MED0182,Diclofenac 50mg,Antibiotic,Abbott India,B72484,181.64,302,150,2025-03-15,2027-11-30,Abbott India,54855.28
MED0183,Atorvastatin 10mg,Antihistamine,Micro Labs,B98295,112.87,1843,150,2025-03-15,2027-11-30,Micro Labs,208019.41
MED0184,Telmisartan 40mg,Anti-inflammatory,Reddy Laboratories,B71826,62.37,377,150,2025-03-15,2027-11-30,Reddy Laboratories,23513.49
MED0185,Atorvastatin 10mg,Cardiovascular,Micro Labs,B83746,116.65,678,150,2025-03-15,2027-11-30,Micro Labs,79088.7
MED0186,Amoxicillin 500mg,Anti-inflammatory,Reddy Laboratories,B43132,208.73,1378,150,2025-03-15,2027-11-30,Reddy Laboratories,287629.94
MED0187,Telmisartan 40mg,Vitamin,Micro Labs,B40736,139.42,1895,150,2025-03-15,2027-11-30,Micro Labs,264200.9
MED0188,Ranitidine 150mg,Antihistamine,Cipla TN,B18861,158.69,875,150,2025-03-15,2027-11-30,Cipla TN,138853.75
MED0189,Ranitidine 150mg,Vitamin,Cipla TN,B28277,243.12,1862,150,2025-03-15,2027-11-30,Cipla TN,452689.44
MED0190,Metformin 500mg,Vitamin,Reddy Laboratories,B73497,63.41,202,150,2025-03-15,2027-11-30,Reddy Laboratories,12808.82
MED0191,Azithromycin 500mg,Cardiovascular,Micro Labs,B17500,168.11,1301,150,2025-03-15,2027-11-30,Micro Labs,218711.11
MED0192,Cetirizine Syrup,Antihistamine,Abbott India,B17826,191.62,659,150,2025-03-15,2027-11-30,Abbott India,126277.58
MED0193,Atorvastatin 10mg,Antibiotic,Reddy Laboratories,B75689,171.66,810,150,2025-03-15,2027-11-30,Reddy Laboratories,139044.6
MED0194,Atorvastatin 10mg,Vitamin,Micro Labs,B77803,57.17,667,150,2025-03-15,2027-11-30,Micro Labs,38132.39
MED0195,Diclofenac 50mg,Cardiovascular,Cipla TN,B24450,53.32,1515,150,2025-03-15,2027-11-30,Cipla TN,80779.8
MED0196,Metformin 500mg,Analgesic,Reddy Laboratories,B23091,117.03,845,150,2025-03-15,2027-11-30,Reddy Laboratories,98890.35
MED0197,Atorvastatin 10mg,Cardiovascular,Cipla TN,B42001,222,1157,150,2025-03-15,2027-11-30,Cipla TN,256854
MED0198,Amoxicillin 500mg,Antidiabetic,Zydus Healthcare,B79579,29.06,1722,150,2025-03-15,2027-11-30,Zydus Healthcare,50041.32
MED0199,Paracetamol 650mg,Cardiovascular,Abbott India,B40976,186.43,589,150,2025-03-15,2027-11-30,Abbott India,109807.27
MED0200,Paracetamol 650mg,Antidiabetic,Micro Labs,B35262,38.46,1042,150,2025-03-15,2027-11-30,Micro Labs,40075.32
MED0201,Azithromycin 500mg,Vitamin,Reddy Laboratories,B97542,98.55,941,150,2025-03-15,2027-11-30,Reddy Laboratories,92735.55
MED0202,Pantoprazole 40mg,Cardiovascular,Cipla TN,B92283,69.38,1087,150,2025-03-15,2027-11-30,Cipla TN,75416.06
MED0203,Paracetamol 650mg,Cardiovascular,Micro Labs,B32849,46.73,1400,150,2025-03-15,2027-11-30,Micro Labs,65422
MED0204,Cetirizine Syrup,Antibiotic,Micro Labs,B61134,133.76,382,150,2025-03-15,2027-11-30,Micro Labs,51096.32
MED0205,Vitamin D3 Capsule,Anti-inflammatory,Abbott India,B55162,177.22,1972,150,2025-03-15,2027-11-30,Abbott India,349477.84
MED0206,Cetirizine Syrup,Anti-inflammatory,Reddy Laboratories,B57628,57.87,1706,150,2025-03-15,2027-11-30,Reddy Laboratories,98726.22
MED0207,Pantoprazole 40mg,Antihistamine,Cipla TN,B56921,24.34,1696,150,2025-03-15,2027-11-30,Cipla TN,41280.64
MED0208,Diclofenac 50mg,Cardiovascular,Micro Labs,B46294,128.92,981,150,2025-03-15,2027-11-30,Micro Labs,126470.52
MED0209,Cetirizine Syrup,Vitamin,Abbott India,B26472,241.55,786,150,2025-03-15,2027-11-30,Abbott India,189858.3
MED0210,Ranitidine 150mg,Cardiovascular,Micro Labs,B96541,87.11,713,150,2025-03-15,2027-11-30,Micro Labs,62109.43
MED0211,Amoxicillin 500mg,Anti-inflammatory,Reddy Laboratories,B87492,10.65,795,150,2025-03-15,2027-11-30,Reddy Laboratories,8466.75
MED0212,Ranitidine 150mg,Anti-inflammatory,Reddy Laboratories,B47310,191.29,919,150,2025-03-15,2027-11-30,Reddy Laboratories,175795.51
MED0213,Pantoprazole 40mg,Antacid,Cipla TN,B99930,165.91,848,150,2025-03-15,2027-11-30,Cipla TN,140691.68
MED0214,Cetirizine Syrup,Vitamin,SunPharma Ltd,B52517,83.21,1955,150,2025-03-15,2027-11-30,SunPharma Ltd,162675.55
MED0215,Vitamin D3 Capsule,Antihistamine,Zydus Healthcare,B55984,93.8,826,150,2025-03-15,2027-11-30,Zydus Healthcare,77478.8
MED0216,Cefixime 200mg,Antacid,Abbott India,B31432,59.29,380,150,2025-03-15,2027-11-30,Abbott India,22530.2
MED0217,Atorvastatin 10mg,Anti-inflammatory,SunPharma Ltd,B23750,68.63,615,150,2025-03-15,2027-11-30,SunPharma Ltd,42207.45
MED0218,Atorvastatin 10mg,Cardiovascular,Reddy Laboratories,B13514,126.51,891,150,2025-03-15,2027-11-30,Reddy Laboratories,112720.41
MED0219,Vitamin D3 Capsule,Antibiotic,Micro Labs,B10393,63.68,549,150,2025-03-15,2027-11-30,Micro Labs,34960.32
MED0220,Pantoprazole 40mg,Antidiabetic,Zydus Healthcare,B68014,69.93,1962,150,2025-03-15,2027-11-30,Zydus Healthcare,137202.66
MED0221,Ranitidine 150mg,Analgesic,Micro Labs,B69596,95.17,740,150,2025-03-15,2027-11-30,Micro Labs,70425.8
MED0222,Telmisartan 40mg,Vitamin,Cipla TN,B70843,151.21,576,150,2025-03-15,2027-11-30,Cipla TN,87096.96
MED0223,Cefixime 200mg,Antihistamine,Micro Labs,B89817,5.28,1652,150,2025-03-15,2027-11-30,Micro Labs,8722.56
MED0224,Atorvastatin 10mg,Anti-inflammatory,Abbott India,B96005,195.4,538,150,2025-03-15,2027-11-30,Abbott India,105125.2
MED0225,Amoxicillin 500mg,Antacid,SunPharma Ltd,B90214,127.16,639,150,2025-03-15,2027-11-30,SunPharma Ltd,81255.24
MED0226,Azithromycin 500mg,Antihistamine,Micro Labs,B48458,158.07,1112,150,2025-03-15,2027-11-30,Micro Labs,175773.84
MED0227,Amoxicillin 500mg,Anti-inflammatory,Micro Labs,B27383,236.46,404,150,2025-03-15,2027-11-30,Micro Labs,95529.84
MED0228,Vitamin D3 Capsule,Analgesic,Reddy Laboratories,B21377,125.28,1151,150,2025-03-15,2027-11-30,Reddy Laboratories,144197.28
MED0229,Pantoprazole 40mg,Vitamin,Abbott India,B65951,58.27,1906,150,2025-03-15,2027-11-30,Abbott India,111062.62
MED0230,Atorvastatin 10mg,Cardiovascular,Abbott India,B42050,53.97,658,150,2025-03-15,2027-11-30,Abbott India,35512.26
MED0231,Diclofenac 50mg,Antidiabetic,Reddy Laboratories,B91573,199.13,1796,150,2025-03-15,2027-11-30,Reddy Laboratories,357637.48
MED0232,Amoxicillin 500mg,Antacid,Abbott India,B25432,112.74,284,150,2025-03-15,2027-11-30,Abbott India,32018.16
MED0233,Cetirizine Syrup,Analgesic,Micro Labs,B65305,196.36,1783,150,2025-03-15,2027-11-30,Micro Labs,350109.88
MED0234,Ranitidine 150mg,Antidiabetic,Zydus Healthcare,B24063,117.95,1056,150,2025-03-15,2027-11-30,Zydus Healthcare,124555.2
MED0235,Atorvastatin 10mg,Antibiotic,Abbott India,B87904,15.49,1501,150,2025-03-15,2027-11-30,Abbott India,23250.49
MED0236,Metformin 500mg,Analgesic,Micro Labs,B99897,39.25,534,150,2025-03-15,2027-11-30,Micro Labs,20959.5
MED0237,Telmisartan 40mg,Antidiabetic,Cipla TN,B94257,184.5,1236,150,2025-03-15,2027-11-30,Cipla TN,228042
MED0238,Telmisartan 40mg,Antibiotic,SunPharma Ltd,B93449,33.09,1441,150,2025-03-15,2027-11-30,SunPharma Ltd,47682.69
MED0239,Amoxicillin 500mg,Antibiotic,SunPharma Ltd,B58436,33.86,208,150,2025-03-15,2027-11-30,SunPharma Ltd,7042.88
MED0240,Atorvastatin 10mg,Antibiotic,Zydus Healthcare,B17131,70.59,779,150,2025-03-15,2027-11-30,Zydus Healthcare,54989.61
MED0241,Atorvastatin 10mg,Analgesic,Cipla TN,B63441,90.8,1508,150,2025-03-15,2027-11-30,Cipla TN,136926.4
MED0242,Cetirizine Syrup,Antacid,Zydus Healthcare,B11665,51.52,708,150,2025-03-15,2027-11-30,Zydus Healthcare,36476.16
MED0243,Cetirizine Syrup,Antacid,SunPharma Ltd,B98602,217.02,104,150,2025-03-15,2027-11-30,SunPharma Ltd,22570.08
MED0244,Pantoprazole 40mg,Antacid,Reddy Laboratories,B17344,98,1126,150,2025-03-15,2027-11-30,Reddy Laboratories,110348
MED0245,Vitamin D3 Capsule,Anti-inflammatory,Zydus Healthcare,B55797,150.79,1681,150,2025-03-15,2027-11-30,Zydus Healthcare,253477.99
MED0246,Azithromycin 500mg,Antibiotic,Reddy Laboratories,B50289,192.04,1643,150,2025-03-15,2027-11-30,Reddy Laboratories,315521.72
MED0247,Ranitidine 150mg,Vitamin,SunPharma Ltd,B48588,40.35,620,150,2025-03-15,2027-11-30,SunPharma Ltd,25017
MED0248,Telmisartan 40mg,Antacid,Cipla TN,B68543,64.74,920,150,2025-03-15,2027-11-30,Cipla TN,59560.8
MED0249,Cefixime 200mg,Antibiotic,Reddy Laboratories,B65258,141.09,1663,150,2025-03-15,2027-11-30,Reddy Laboratories,234632.67
MED0250,Atorvastatin 10mg,Antihistamine,Abbott India,B67782,246.36,179,150,2025-03-15,2027-11-30,Abbott India,44098.44
MED0251,Telmisartan 40mg,Antacid,Cipla TN,B63833,21.04,159,150,2025-03-15,2027-11-30,Cipla TN,3345.36
MED0252,Cetirizine Syrup,Anti-inflammatory,SunPharma Ltd,B49350,128.62,405,150,2025-03-15,2027-11-30,SunPharma Ltd,52091.1
MED0253,Diclofenac 50mg,Antidiabetic,Zydus Healthcare,B87700,73.32,1114,150,2025-03-15,2027-11-30,Zydus Healthcare,81678.48
MED0254,Azithromycin 500mg,Antibiotic,SunPharma Ltd,B88270,216.33,1262,150,2025-03-15,2027-11-30,SunPharma Ltd,273008.46
MED0255,Cefixime 200mg,Antacid,Zydus Healthcare,B19669,104.51,1958,150,2025-03-15,2027-11-30,Zydus Healthcare,204630.58
MED0256,Cetirizine Syrup,Anti-inflammatory,SunPharma Ltd,B12039,206.85,1695,150,2025-03-15,2027-11-30,SunPharma Ltd,350610.75
MED0257,Diclofenac 50mg,Vitamin,Cipla TN,B22735,39.21,1015,150,2025-03-15,2027-11-30,Cipla TN,39798.15
MED0258,Azithromycin 500mg,Cardiovascular,SunPharma Ltd,B90919,245.71,1744,150,2025-03-15,2027-11-30,SunPharma Ltd,428518.24
MED0259,Pantoprazole 40mg,Analgesic,Cipla TN,B73862,137.95,1940,150,2025-03-15,2027-11-30,Cipla TN,267623
MED0260,Metformin 500mg,Analgesic,Abbott India,B38333,100.1,847,150,2025-03-15,2027-11-30,Abbott India,84784.7
MED0261,Cetirizine Syrup,Analgesic,Abbott India,B87807,39.13,1475,150,2025-03-15,2027-11-30,Abbott India,57716.75
MED0262,Pantoprazole 40mg,Antihistamine,Reddy Laboratories,B75298,245.96,1625,150,2025-03-15,2027-11-30,Reddy Laboratories,399685
MED0263,Vitamin D3 Capsule,Antibiotic,Micro Labs,B33148,132.85,1846,150,2025-03-15,2027-11-30,Micro Labs,245241.1
MED0264,Vitamin D3 Capsule,Antacid,Reddy Laboratories,B61009,222.93,1607,150,2025-03-15,2027-11-30,Reddy Laboratories,358248.51
MED0265,Metformin 500mg,Cardiovascular,Reddy Laboratories,B91344,219.09,233,150,2025-03-15,2027-11-30,Reddy Laboratories,51047.97
MED0266,Amoxicillin 500mg,Antibiotic,SunPharma Ltd,B61457,116.25,713,150,2025-03-15,2027-11-30,SunPharma Ltd,82886.25
MED0267,Paracetamol 650mg,Analgesic,SunPharma Ltd,B76533,232.76,291,150,2025-03-15,2027-11-30,SunPharma Ltd,67733.16
MED0268,Vitamin D3 Capsule,Vitamin,Zydus Healthcare,B29965,7.34,1058,150,2025-03-15,2027-11-30,Zydus Healthcare,7765.72
MED0269,Atorvastatin 10mg,Vitamin,SunPharma Ltd,B27105,160.55,1174,150,2025-03-15,2027-11-30,SunPharma Ltd,188485.7
MED0270,Paracetamol 650mg,Antibiotic,Cipla TN,B88701,49.76,1466,150,2025-03-15,2027-11-30,Cipla TN,72948.16
MED0271,Ranitidine 150mg,Anti-inflammatory,Zydus Healthcare,B45851,47.32,828,150,2025-03-15,2027-11-30,Zydus Healthcare,39180.96
MED0272,Amoxicillin 500mg,Cardiovascular,Abbott India,B15391,69.27,775,150,2025-03-15,2027-11-30,Abbott India,53684.25
MED0273,Metformin 500mg,Antibiotic,Cipla TN,B84500,113.12,502,150,2025-03-15,2027-11-30,Cipla TN,56786.24
MED0274,Paracetamol 650mg,Analgesic,Cipla TN,B50205,142.5,493,150,2025-03-15,2027-11-30,Cipla TN,70252.5
MED0275,Amoxicillin 500mg,Cardiovascular,Zydus Healthcare,B62513,175.29,1871,150,2025-03-15,2027-11-30,Zydus Healthcare,327967.59
MED0276,Ranitidine 150mg,Vitamin,SunPharma Ltd,B58522,226.47,488,150,2025-03-15,2027-11-30,SunPharma Ltd,110517.36
MED0277,Amoxicillin 500mg,Analgesic,Zydus Healthcare,B78264,101.59,1924,150,2025-03-15,2027-11-30,Zydus Healthcare,195459.16
MED0278,Paracetamol 650mg,Analgesic,Micro Labs,B50431,104.67,763,150,2025-03-15,2027-11-30,Micro Labs,79863.21
MED0279,Azithromycin 500mg,Vitamin,SunPharma Ltd,B70690,237.35,1084,150,2025-03-15,2027-11-30,SunPharma Ltd,257287.4
MED0280,Metformin 500mg,Anti-inflammatory,Zydus Healthcare,B61564,37.05,1833,150,2025-03-15,2027-11-30,Zydus Healthcare,67912.65
MED0281,Cefixime 200mg,Anti-inflammatory,Abbott India,B69301,179.92,228,150,2025-03-15,2027-11-30,Abbott India,41021.76
MED0282,Metformin 500mg,Antidiabetic,SunPharma Ltd,B94576,87.17,1016,150,2025-03-15,2027-11-30,SunPharma Ltd,88564.72
MED0283,Azithromycin 500mg,Anti-inflammatory,Cipla TN,B59285,98.62,1248,150,2025-03-15,2027-11-30,Cipla TN,123077.76
MED0284,Ranitidine 150mg,Antidiabetic,Zydus Healthcare,B85018,92.03,1237,150,2025-03-15,2027-11-30,Zydus Healthcare,113841.11
MED0285,Vitamin D3 Capsule,Anti-inflammatory,Micro Labs,B69570,134.32,995,150,2025-03-15,2027-11-30,Micro Labs,133648.4
MED0286,Diclofenac 50mg,Antibiotic,Abbott India,B92445,26.67,855,150,2025-03-15,2027-11-30,Abbott India,22802.85
MED0287,Pantoprazole 40mg,Anti-inflammatory,Zydus Healthcare,B41688,202.8,1180,150,2025-03-15,2027-11-30,Zydus Healthcare,239304
MED0288,Amoxicillin 500mg,Antacid,Reddy Laboratories,B19495,247.53,500,150,2025-03-15,2027-11-30,Reddy Laboratories,123765
MED0289,Paracetamol 650mg,Antacid,Reddy Laboratories,B43993,197.96,481,150,2025-03-15,2027-11-30,Reddy Laboratories,95218.76
MED0290,Ranitidine 150mg,Antibiotic,Cipla TN,B92071,242.39,98,150,2025-03-15,2027-11-30,Cipla TN,23754.22
MED0291,Vitamin D3 Capsule,Antibiotic,Reddy Laboratories,B34529,30.88,232,150,2025-03-15,2027-11-30,Reddy Laboratories,7164.16
MED0292,Metformin 500mg,Antidiabetic,Micro Labs,B35651,45.01,154,150,2025-03-15,2027-11-30,Micro Labs,6931.54
MED0293,Cefixime 200mg,Analgesic,Micro Labs,B68479,71.45,1788,150,2025-03-15,2027-11-30,Micro Labs,127752.6
MED0294,Telmisartan 40mg,Antidiabetic,Cipla TN,B98324,196.7,407,150,2025-03-15,2027-11-30,Cipla TN,80056.9
MED0295,Telmisartan 40mg,Antibiotic,Zydus Healthcare,B28447,204.84,1847,150,2025-03-15,2027-11-30,Zydus Healthcare,378339.48
MED0296,Atorvastatin 10mg,Antibiotic,Reddy Laboratories,B74583,35.42,37,150,2025-03-15,2027-11-30,Reddy Laboratories,1310.54
MED0297,Amoxicillin 500mg,Antibiotic,SunPharma Ltd,B11355,185.77,1140,150,2025-03-15,2027-11-30,SunPharma Ltd,211777.8
MED0298,Azithromycin 500mg,Vitamin,Zydus Healthcare,B89756,159.98,1772,150,2025-03-15,2027-11-30,Zydus Healthcare,283484.56
MED0299,Vitamin D3 Capsule,Antihistamine,SunPharma Ltd,B64104,95.38,612,150,2025-03-15,2027-11-30,SunPharma Ltd,58372.56
MED0300,Cetirizine Syrup,Antidiabetic,Micro Labs,B78197,143.15,1085,150,2025-03-15,2027-11-30,Micro Labs,155317.75
MED0301,Pantoprazole 40mg,Anti-inflammatory,Cipla TN,B77967,66.16,985,150,2025-03-15,2027-11-30,Cipla TN,65167.6
MED0302,Ranitidine 150mg,Antidiabetic,Abbott India,B34325,123.62,643,150,2025-03-15,2027-11-30,Abbott India,79487.66
MED0303,Diclofenac 50mg,Antacid,Zydus Healthcare,B15213,178.92,77,150,2025-03-15,2027-11-30,Zydus Healthcare,13776.84
MED0304,Metformin 500mg,Anti-inflammatory,Abbott India,B98901,153.66,988,150,2025-03-15,2027-11-30,Abbott India,151816.08
MED0305,Metformin 500mg,Antidiabetic,Cipla TN,B49314,8.99,1997,150,2025-03-15,2027-11-30,Cipla TN,17953.03
MED0306,Ranitidine 150mg,Antacid,Micro Labs,B24866,73.29,1518,150,2025-03-15,2027-11-30,Micro Labs,111254.22
MED0307,Metformin 500mg,Antibiotic,Cipla TN,B22128,24.23,655,150,2025-03-15,2027-11-30,Cipla TN,15870.65
MED0308,Cefixime 200mg,Anti-inflammatory,Micro Labs,B41238,202.24,730,150,2025-03-15,2027-11-30,Micro Labs,147635.2
MED0309,Diclofenac 50mg,Anti-inflammatory,Micro Labs,B64289,63.13,883,150,2025-03-15,2027-11-30,Micro Labs,55743.79
MED0310,Ranitidine 150mg,Analgesic,Micro Labs,B92341,230.14,895,150,2025-03-15,2027-11-30,Micro Labs,205975.3
MED0311,Amoxicillin 500mg,Antibiotic,Reddy Laboratories,B11378,114.78,1834,150,2025-03-15,2027-11-30,Reddy Laboratories,210506.52
MED0312,Diclofenac 50mg,Analgesic,Cipla TN,B14814,216.14,1736,150,2025-03-15,2027-11-30,Cipla TN,375219.04
MED0313,Pantoprazole 40mg,Analgesic,SunPharma Ltd,B13274,131.04,1959,150,2025-03-15,2027-11-30,SunPharma Ltd,256707.36
MED0314,Diclofenac 50mg,Antibiotic,Abbott India,B52736,179.54,1364,150,2025-03-15,2027-11-30,Abbott India,244892.56
MED0315,Pantoprazole 40mg,Anti-inflammatory,Zydus Healthcare,B88996,172.2,1942,150,2025-03-15,2027-11-30,Zydus Healthcare,334412.4
MED0316,Amoxicillin 500mg,Cardiovascular,Reddy Laboratories,B99116,240.38,1972,150,2025-03-15,2027-11-30,Reddy Laboratories,474029.36
MED0317,Cefixime 200mg,Antidiabetic,Abbott India,B18689,34.13,741,150,2025-03-15,2027-11-30,Abbott India,25290.33
MED0318,Pantoprazole 40mg,Antacid,Zydus Healthcare,B17782,129.85,955,150,2025-03-15,2027-11-30,Zydus Healthcare,124006.75
MED0319,Telmisartan 40mg,Antidiabetic,Cipla TN,B66655,75.53,1072,150,2025-03-15,2027-11-30,Cipla TN,80968.16
MED0320,Atorvastatin 10mg,Antacid,Micro Labs,B56233,249.69,121,150,2025-03-15,2027-11-30,Micro Labs,30212.49
MED0321,Cefixime 200mg,Analgesic,Abbott India,B33511,219.31,31,150,2025-03-15,2027-11-30,Abbott India,6798.61
MED0322,Ranitidine 150mg,Analgesic,Zydus Healthcare,B69269,194.77,1074,150,2025-03-15,2027-11-30,Zydus Healthcare,209182.98
MED0323,Cefixime 200mg,Anti-inflammatory,Reddy Laboratories,B45284,220.6,1993,150,2025-03-15,2027-11-30,Reddy Laboratories,439655.8
MED0324,Amoxicillin 500mg,Vitamin,SunPharma Ltd,B23725,120.23,1159,150,2025-03-15,2027-11-30,SunPharma Ltd,139346.57
MED0325,Pantoprazole 40mg,Antacid,Reddy Laboratories,B87080,220.76,1773,150,2025-03-15,2027-11-30,Reddy Laboratories,391407.48
MED0326,Amoxicillin 500mg,Antacid,SunPharma Ltd,B86859,50.74,1722,150,2025-03-15,2027-11-30,SunPharma Ltd,87374.28
MED0327,Metformin 500mg,Vitamin,Abbott India,B97526,130.99,1849,150,2025-03-15,2027-11-30,Abbott India,242200.51
MED0328,Vitamin D3 Capsule,Analgesic,Abbott India,B41818,155.54,1428,150,2025-03-15,2027-11-30,Abbott India,222111.12
MED0329,Metformin 500mg,Vitamin,SunPharma Ltd,B99666,190.12,1404,150,2025-03-15,2027-11-30,SunPharma Ltd,266928.48
MED0330,Azithromycin 500mg,Antacid,Micro Labs,B22663,115.54,55,150,2025-03-15,2027-11-30,Micro Labs,6354.7
MED0331,Pantoprazole 40mg,Anti-inflammatory,Zydus Healthcare,B67477,198.05,709,150,2025-03-15,2027-11-30,Zydus Healthcare,140417.45
MED0332,Atorvastatin 10mg,Cardiovascular,Micro Labs,B82170,91.88,1007,150,2025-03-15,2027-11-30,Micro Labs,92523.16
MED0333,Atorvastatin 10mg,Vitamin,Micro Labs,B25847,71.19,1471,150,2025-03-15,2027-11-30,Micro Labs,104720.49
MED0334,Telmisartan 40mg,Antacid,Zydus Healthcare,B24852,145.8,985,150,2025-03-15,2027-11-30,Zydus Healthcare,143613
MED0335,Azithromycin 500mg,Vitamin,Abbott India,B82968,95.93,832,150,2025-03-15,2027-11-30,Abbott India,79813.76
MED0336,Diclofenac 50mg,Antihistamine,Zydus Healthcare,B82161,186.31,358,150,2025-03-15,2027-11-30,Zydus Healthcare,66698.98
MED0337,Telmisartan 40mg,Antacid,Cipla TN,B95083,196.12,891,150,2025-03-15,2027-11-30,Cipla TN,174742.92
MED0338,Atorvastatin 10mg,Antacid,Micro Labs,B47982,229.33,960,150,2025-03-15,2027-11-30,Micro Labs,220156.8
MED0339,Metformin 500mg,Antidiabetic,SunPharma Ltd,B85324,74.99,322,150,2025-03-15,2027-11-30,SunPharma Ltd,24146.78
MED0340,Pantoprazole 40mg,Antidiabetic,SunPharma Ltd,B62022,202.93,537,150,2025-03-15,2027-11-30,SunPharma Ltd,108973.41
MED0341,Diclofenac 50mg,Antihistamine,Cipla TN,B87988,186.99,1779,150,2025-03-15,2027-11-30,Cipla TN,332655.21
MED0342,Cefixime 200mg,Analgesic,SunPharma Ltd,B38194,9.32,1352,150,2025-03-15,2027-11-30,SunPharma Ltd,12600.64
MED0343,Pantoprazole 40mg,Cardiovascular,Zydus Healthcare,B65911,213.94,62,150,2025-03-15,2027-11-30,Zydus Healthcare,13264.28
MED0344,Pantoprazole 40mg,Analgesic,Abbott India,B74143,225.07,282,150,2025-03-15,2027-11-30,Abbott India,63469.74
MED0345,Atorvastatin 10mg,Antidiabetic,Zydus Healthcare,B45687,227.86,44,150,2025-03-15,2027-11-30,Zydus Healthcare,10025.84
MED0346,Cetirizine Syrup,Antacid,Abbott India,B20932,229.8,734,150,2025-03-15,2027-11-30,Abbott India,168673.2
MED0347,Ranitidine 150mg,Vitamin,Reddy Laboratories,B39865,159.63,658,150,2025-03-15,2027-11-30,Reddy Laboratories,105036.54
MED0348,Amoxicillin 500mg,Antibiotic,SunPharma Ltd,B54327,146.89,609,150,2025-03-15,2027-11-30,SunPharma Ltd,89456.01
MED0349,Ranitidine 150mg,Antidiabetic,SunPharma Ltd,B28409,70.48,1823,150,2025-03-15,2027-11-30,SunPharma Ltd,128485.04
MED0350,Paracetamol 650mg,Anti-inflammatory,Micro Labs,B88002,153.7,1971,150,2025-03-15,2027-11-30,Micro Labs,302942.7
MED0351,Paracetamol 650mg,Analgesic,Zydus Healthcare,B28733,212.94,1009,150,2025-03-15,2027-11-30,Zydus Healthcare,214856.46
MED0352,Diclofenac 50mg,Analgesic,Reddy Laboratories,B63516,167.19,119,150,2025-03-15,2027-11-30,Reddy Laboratories,19895.61
MED0353,Amoxicillin 500mg,Vitamin,Reddy Laboratories,B86400,179.99,649,150,2025-03-15,2027-11-30,Reddy Laboratories,116813.51
MED0354,Pantoprazole 40mg,Analgesic,Cipla TN,B23707,165.06,379,150,2025-03-15,2027-11-30,Cipla TN,62557.74
MED0355,Azithromycin 500mg,Antihistamine,Zydus Healthcare,B31031,12.01,673,150,2025-03-15,2027-11-30,Zydus Healthcare,8082.73
MED0356,Cefixime 200mg,Cardiovascular,SunPharma Ltd,B25352,198.11,736,150,2025-03-15,2027-11-30,SunPharma Ltd,145808.96
MED0357,Telmisartan 40mg,Antibiotic,Abbott India,B10721,145.38,969,150,2025-03-15,2027-11-30,Abbott India,140873.22
MED0358,Amoxicillin 500mg,Antihistamine,Abbott India,B56775,66.89,991,150,2025-03-15,2027-11-30,Abbott India,66287.99
MED0359,Pantoprazole 40mg,Analgesic,SunPharma Ltd,B95968,60.79,1549,150,2025-03-15,2027-11-30,SunPharma Ltd,94163.71
MED0360,Atorvastatin 10mg,Vitamin,Cipla TN,B26860,27.07,1619,150,2025-03-15,2027-11-30,Cipla TN,43826.33
MED0361,Vitamin D3 Capsule,Cardiovascular,Micro Labs,B42205,126.76,41,150,2025-03-15,2027-11-30,Micro Labs,5197.16
MED0362,Pantoprazole 40mg,Antibiotic,Cipla TN,B70914,249.58,735,150,2025-03-15,2027-11-30,Cipla TN,183441.3
MED0363,Cetirizine Syrup,Antihistamine,Zydus Healthcare,B54828,78.13,1590,150,2025-03-15,2027-11-30,Zydus Healthcare,124226.7
MED0364,Ranitidine 150mg,Antidiabetic,Zydus Healthcare,B80908,101.92,1685,150,2025-03-15,2027-11-30,Zydus Healthcare,171735.2
MED0365,Diclofenac 50mg,Antibiotic,Micro Labs,B92757,18.51,337,150,2025-03-15,2027-11-30,Micro Labs,6237.87
MED0366,Ranitidine 150mg,Antidiabetic,SunPharma Ltd,B24052,43.2,251,150,2025-03-15,2027-11-30,SunPharma Ltd,10843.2
MED0367,Vitamin D3 Capsule,Cardiovascular,Micro Labs,B85614,230.78,638,150,2025-03-15,2027-11-30,Micro Labs,147237.64
MED0368,Ranitidine 150mg,Anti-inflammatory,Zydus Healthcare,B67541,229.21,1438,150,2025-03-15,2027-11-30,Zydus Healthcare,329603.98
MED0369,Ranitidine 150mg,Vitamin,Micro Labs,B95256,91.78,1358,150,2025-03-15,2027-11-30,Micro Labs,124637.24
MED0370,Telmisartan 40mg,Anti-inflammatory,Cipla TN,B23472,145.29,530,150,2025-03-15,2027-11-30,Cipla TN,77003.7
MED0371,Atorvastatin 10mg,Antidiabetic,Cipla TN,B96057,131.58,1373,150,2025-03-15,2027-11-30,Cipla TN,180659.34
MED0372,Cetirizine Syrup,Cardiovascular,Zydus Healthcare,B78347,180.5,139,150,2025-03-15,2027-11-30,Zydus Healthcare,25089.5
MED0373,Cefixime 200mg,Cardiovascular,Cipla TN,B37284,233.13,1225,150,2025-03-15,2027-11-30,Cipla TN,285584.25
MED0374,Diclofenac 50mg,Cardiovascular,Cipla TN,B43556,34.49,1880,150,2025-03-15,2027-11-30,Cipla TN,64841.2
MED0375,Metformin 500mg,Cardiovascular,Abbott India,B50428,64.24,1192,150,2025-03-15,2027-11-30,Abbott India,76574.08
MED0376,Atorvastatin 10mg,Antacid,Zydus Healthcare,B72119,95.71,815,150,2025-03-15,2027-11-30,Zydus Healthcare,78003.65
MED0377,Cefixime 200mg,Antacid,Reddy Laboratories,B30311,18.46,124,150,2025-03-15,2027-11-30,Reddy Laboratories,2289.04
MED0378,Cetirizine Syrup,Analgesic,SunPharma Ltd,B15474,95.08,1842,150,2025-03-15,2027-11-30,SunPharma Ltd,175137.36
MED0379,Paracetamol 650mg,Vitamin,Cipla TN,B49214,124.9,1997,150,2025-03-15,2027-11-30,Cipla TN,249425.3
MED0380,Ranitidine 150mg,Anti-inflammatory,Cipla TN,B84108,145.17,38,150,2025-03-15,2027-11-30,Cipla TN,5516.46
MED0381,Vitamin D3 Capsule,Antihistamine,SunPharma Ltd,B35775,165.84,962,150,2025-03-15,2027-11-30,SunPharma Ltd,159538.08
MED0382,Pantoprazole 40mg,Anti-inflammatory,Micro Labs,B25684,30.63,1700,150,2025-03-15,2027-11-30,Micro Labs,52071
MED0383,Ranitidine 150mg,Antidiabetic,Reddy Laboratories,B16309,190.5,1702,150,2025-03-15,2027-11-30,Reddy Laboratories,324231
MED0384,Azithromycin 500mg,Cardiovascular,SunPharma Ltd,B14054,145.61,1774,150,2025-03-15,2027-11-30,SunPharma Ltd,258312.14
MED0385,Paracetamol 650mg,Antibiotic,Cipla TN,B42227,152.29,1015,150,2025-03-15,2027-11-30,Cipla TN,154574.35
MED0386,Amoxicillin 500mg,Antacid,Zydus Healthcare,B34520,190.03,1322,150,2025-03-15,2027-11-30,Zydus Healthcare,251219.66
MED0387,Pantoprazole 40mg,Antacid,Abbott India,B26257,82.92,429,150,2025-03-15,2027-11-30,Abbott India,35572.68
MED0388,Azithromycin 500mg,Antacid,Zydus Healthcare,B49840,92.95,1207,150,2025-03-15,2027-11-30,Zydus Healthcare,112190.65
MED0389,Pantoprazole 40mg,Cardiovascular,SunPharma Ltd,B51704,103.3,1810,150,2025-03-15,2027-11-30,SunPharma Ltd,186973
MED0390,Telmisartan 40mg,Antidiabetic,Cipla TN,B15274,13.79,226,150,2025-03-15,2027-11-30,Cipla TN,3116.54
MED0391,Atorvastatin 10mg,Analgesic,Reddy Laboratories,B94559,53.65,1283,150,2025-03-15,2027-11-30,Reddy Laboratories,68832.95
MED0392,Diclofenac 50mg,Analgesic,Reddy Laboratories,B80904,49.37,299,150,2025-03-15,2027-11-30,Reddy Laboratories,14761.63
MED0393,Vitamin D3 Capsule,Antibiotic,Reddy Laboratories,B64822,38.2,1799,150,2025-03-15,2027-11-30,Reddy Laboratories,68721.8
MED0394,Cefixime 200mg,Cardiovascular,SunPharma Ltd,B37546,6.07,472,150,2025-03-15,2027-11-30,SunPharma Ltd,2865.04
MED0395,Telmisartan 40mg,Analgesic,Reddy Laboratories,B52346,77.56,35,150,2025-03-15,2027-11-30,Reddy Laboratories,2714.6
MED0396,Cetirizine Syrup,Antihistamine,Reddy Laboratories,B61315,175.67,1482,150,2025-03-15,2027-11-30,Reddy Laboratories,260342.94
MED0397,Diclofenac 50mg,Antidiabetic,Abbott India,B70526,154.38,1055,150,2025-03-15,2027-11-30,Abbott India,162870.9
MED0398,Vitamin D3 Capsule,Anti-inflammatory,Abbott India,B94606,120.62,1676,150,2025-03-15,2027-11-30,Abbott India,202159.12
MED0399,Telmisartan 40mg,Vitamin,SunPharma Ltd,B18583,242.06,316,150,2025-03-15,2027-11-30,SunPharma Ltd,76490.96
MED0400,Ranitidine 150mg,Vitamin,Micro Labs,B65511,167.61,1729,150,2025-03-15,2027-11-30,Micro Labs,289797.69
MED0401,Cetirizine Syrup,Antidiabetic,Abbott India,B92415,55.97,644,150,2025-03-15,2027-11-30,Abbott India,36044.68
MED0402,Metformin 500mg,Antibiotic,SunPharma Ltd,B31459,85.81,1023,150,2025-03-15,2027-11-30,SunPharma Ltd,87783.63
MED0403,Diclofenac 50mg,Antihistamine,Cipla TN,B93026,71.84,1694,150,2025-03-15,2027-11-30,Cipla TN,121696.96
MED0404,Azithromycin 500mg,Antihistamine,Zydus Healthcare,B25316,194.05,473,150,2025-03-15,2027-11-30,Zydus Healthcare,91785.65
MED0405,Cefixime 200mg,Antihistamine,Micro Labs,B23987,158.34,1340,150,2025-03-15,2027-11-30,Micro Labs,212175.6
MED0406,Amoxicillin 500mg,Analgesic,Reddy Laboratories,B48459,13.8,403,150,2025-03-15,2027-11-30,Reddy Laboratories,5561.4
MED0407,Azithromycin 500mg,Antacid,Abbott India,B79741,167.25,1108,150,2025-03-15,2027-11-30,Abbott India,185313
MED0408,Vitamin D3 Capsule,Antibiotic,Micro Labs,B66395,239.36,209,150,2025-03-15,2027-11-30,Micro Labs,50026.24
MED0409,Ranitidine 150mg,Anti-inflammatory,Reddy Laboratories,B76421,86.63,615,150,2025-03-15,2027-11-30,Reddy Laboratories,53277.45
MED0410,Telmisartan 40mg,Antacid,Micro Labs,B97030,41.19,29,150,2025-03-15,2027-11-30,Micro Labs,1194.51
MED0411,Vitamin D3 Capsule,Anti-inflammatory,Zydus Healthcare,B51703,19.42,470,150,2025-03-15,2027-11-30,Zydus Healthcare,9127.4
MED0412,Vitamin D3 Capsule,Antidiabetic,Cipla TN,B33492,25.16,452,150,2025-03-15,2027-11-30,Cipla TN,11372.32
MED0413,Ranitidine 150mg,Antihistamine,Cipla TN,B74551,230.57,927,150,2025-03-15,2027-11-30,Cipla TN,213738.39
MED0414,Metformin 500mg,Anti-inflammatory,Micro Labs,B93668,168.54,1134,150,2025-03-15,2027-11-30,Micro Labs,191124.36
MED0415,Pantoprazole 40mg,Analgesic,SunPharma Ltd,B64524,176.11,1287,150,2025-03-15,2027-11-30,SunPharma Ltd,226653.57
MED0416,Pantoprazole 40mg,Antihistamine,Micro Labs,B41560,20.61,1653,150,2025-03-15,2027-11-30,Micro Labs,34068.33
MED0417,Pantoprazole 40mg,Analgesic,Reddy Laboratories,B62900,236.83,704,150,2025-03-15,2027-11-30,Reddy Laboratories,166728.32
MED0418,Paracetamol 650mg,Analgesic,Cipla TN,B35460,119.61,338,150,2025-03-15,2027-11-30,Cipla TN,40428.18
MED0419,Diclofenac 50mg,Cardiovascular,Zydus Healthcare,B11374,115.4,470,150,2025-03-15,2027-11-30,Zydus Healthcare,54238
MED0420,Paracetamol 650mg,Antacid,Reddy Laboratories,B99100,100.37,1208,150,2025-03-15,2027-11-30,Reddy Laboratories,121246.96
MED0421,Metformin 500mg,Anti-inflammatory,Zydus Healthcare,B67987,139.02,387,150,2025-03-15,2027-11-30,Zydus Healthcare,53800.74
MED0422,Paracetamol 650mg,Antidiabetic,Abbott India,B30836,79.33,198,150,2025-03-15,2027-11-30,Abbott India,15707.34
MED0423,Diclofenac 50mg,Antidiabetic,Reddy Laboratories,B87735,147.15,386,150,2025-03-15,2027-11-30,Reddy Laboratories,56799.9
MED0424,Pantoprazole 40mg,Vitamin,Abbott India,B88651,203.59,1944,150,2025-03-15,2027-11-30,Abbott India,395778.96
MED0425,Amoxicillin 500mg,Antacid,SunPharma Ltd,B33826,52.33,516,150,2025-03-15,2027-11-30,SunPharma Ltd,27002.28
MED0426,Cefixime 200mg,Vitamin,Cipla TN,B51682,222.91,1873,150,2025-03-15,2027-11-30,Cipla TN,417510.43
MED0427,Amoxicillin 500mg,Antibiotic,Zydus Healthcare,B91690,108.86,473,150,2025-03-15,2027-11-30,Zydus Healthcare,51490.78
MED0428,Cefixime 200mg,Cardiovascular,SunPharma Ltd,B18629,161.8,1791,150,2025-03-15,2027-11-30,SunPharma Ltd,289783.8
MED0429,Amoxicillin 500mg,Vitamin,Micro Labs,B63270,49.5,300,150,2025-03-15,2027-11-30,Micro Labs,14850
MED0430,Azithromycin 500mg,Antibiotic,Abbott India,B63651,203.6,637,150,2025-03-15,2027-11-30,Abbott India,129693.2
MED0431,Vitamin D3 Capsule,Analgesic,Reddy Laboratories,B84861,128.63,347,150,2025-03-15,2027-11-30,Reddy Laboratories,44634.61
MED0432,Azithromycin 500mg,Analgesic,Cipla TN,B94351,221.31,1659,150,2025-03-15,2027-11-30,Cipla TN,367153.29
MED0433,Atorvastatin 10mg,Antihistamine,Cipla TN,B91069,80.78,1879,150,2025-03-15,2027-11-30,Cipla TN,151785.62
MED0434,Metformin 500mg,Antidiabetic,Abbott India,B89048,157.21,316,150,2025-03-15,2027-11-30,Abbott India,49678.36
MED0435,Vitamin D3 Capsule,Anti-inflammatory,Zydus Healthcare,B61265,38.69,1713,150,2025-03-15,2027-11-30,Zydus Healthcare,66275.97
MED0436,Vitamin D3 Capsule,Antidiabetic,Abbott India,B45862,79.79,505,150,2025-03-15,2027-11-30,Abbott India,40293.95
MED0437,Metformin 500mg,Anti-inflammatory,SunPharma Ltd,B64576,8.21,1965,150,2025-03-15,2027-11-30,SunPharma Ltd,16132.65
MED0438,Telmisartan 40mg,Cardiovascular,Micro Labs,B95916,186.65,186,150,2025-03-15,2027-11-30,Micro Labs,34716.9
MED0439,Metformin 500mg,Cardiovascular,Cipla TN,B23891,112.72,423,150,2025-03-15,2027-11-30,Cipla TN,47680.56
MED0440,Pantoprazole 40mg,Antidiabetic,Zydus Healthcare,B95799,21.28,386,150,2025-03-15,2027-11-30,Zydus Healthcare,8214.08
MED0441,Pantoprazole 40mg,Cardiovascular,Micro Labs,B11237,110.27,765,150,2025-03-15,2027-11-30,Micro Labs,84356.55
MED0442,Pantoprazole 40mg,Analgesic,Micro Labs,B35274,85.83,293,150,2025-03-15,2027-11-30,Micro Labs,25148.19
MED0443,Telmisartan 40mg,Cardiovascular,Reddy Laboratories,B88847,103.41,1442,150,2025-03-15,2027-11-30,Reddy Laboratories,149117.22
MED0444,Cefixime 200mg,Anti-inflammatory,Abbott India,B81296,48.47,1439,150,2025-03-15,2027-11-30,Abbott India,69748.33
MED0445,Telmisartan 40mg,Antacid,Abbott India,B90350,118.76,717,150,2025-03-15,2027-11-30,Abbott India,85150.92
MED0446,Paracetamol 650mg,Analgesic,Reddy Laboratories,B29309,159.93,394,150,2025-03-15,2027-11-30,Reddy Laboratories,63012.42
MED0447,Cetirizine Syrup,Antacid,Micro Labs,B24482,36.75,815,150,2025-03-15,2027-11-30,Micro Labs,29951.25
MED0448,Pantoprazole 40mg,Antihistamine,Cipla TN,B64757,205.75,876,150,2025-03-15,2027-11-30,Cipla TN,180237
MED0449,Diclofenac 50mg,Antihistamine,Abbott India,B39288,93.96,1270,150,2025-03-15,2027-11-30,Abbott India,119329.2
MED0450,Pantoprazole 40mg,Analgesic,Abbott India,B77147,74.25,1093,150,2025-03-15,2027-11-30,Abbott India,81155.25
MED0451,Pantoprazole 40mg,Antibiotic,Cipla TN,B55213,60.75,1926,150,2025-03-15,2027-11-30,Cipla TN,117004.5
MED0452,Diclofenac 50mg,Cardiovascular,Micro Labs,B53334,29.33,889,150,2025-03-15,2027-11-30,Micro Labs,26074.37
MED0453,Cefixime 200mg,Analgesic,Reddy Laboratories,B45867,99.01,1407,150,2025-03-15,2027-11-30,Reddy Laboratories,139307.07
MED0454,Metformin 500mg,Antidiabetic,Reddy Laboratories,B89386,171.64,432,150,2025-03-15,2027-11-30,Reddy Laboratories,74148.48
MED0455,Azithromycin 500mg,Analgesic,Zydus Healthcare,B86964,59.97,1091,150,2025-03-15,2027-11-30,Zydus Healthcare,65427.27
MED0456,Atorvastatin 10mg,Antacid,Micro Labs,B49579,83.19,1303,150,2025-03-15,2027-11-30,Micro Labs,108396.57
MED0457,Cetirizine Syrup,Anti-inflammatory,Abbott India,B75375,8.52,415,150,2025-03-15,2027-11-30,Abbott India,3535.8
MED0458,Amoxicillin 500mg,Antacid,Reddy Laboratories,B26328,50.96,416,150,2025-03-15,2027-11-30,Reddy Laboratories,21199.36
MED0459,Atorvastatin 10mg,Antibiotic,SunPharma Ltd,B45377,166.63,198,150,2025-03-15,2027-11-30,SunPharma Ltd,32992.74
MED0460,Vitamin D3 Capsule,Vitamin,Zydus Healthcare,B65082,54.32,78,150,2025-03-15,2027-11-30,Zydus Healthcare,4236.96
MED0461,Diclofenac 50mg,Antacid,Zydus Healthcare,B73654,169.48,1422,150,2025-03-15,2027-11-30,Zydus Healthcare,241000.56
MED0462,Amoxicillin 500mg,Vitamin,Cipla TN,B58917,40.46,927,150,2025-03-15,2027-11-30,Cipla TN,37506.42
MED0463,Diclofenac 50mg,Antihistamine,Abbott India,B34409,105.06,1076,150,2025-03-15,2027-11-30,Abbott India,113044.56
MED0464,Vitamin D3 Capsule,Analgesic,Abbott India,B58196,139.39,1950,150,2025-03-15,2027-11-30,Abbott India,271810.5
MED0465,Vitamin D3 Capsule,Antacid,Cipla TN,B85630,215.66,597,150,2025-03-15,2027-11-30,Cipla TN,128749.02
MED0466,Metformin 500mg,Vitamin,Abbott India,B87381,159.13,265,150,2025-03-15,2027-11-30,Abbott India,42169.45
MED0467,Cetirizine Syrup,Antihistamine,Reddy Laboratories,B18802,41.52,358,150,2025-03-15,2027-11-30,Reddy Laboratories,14864.16
MED0468,Cefixime 200mg,Cardiovascular,Cipla TN,B54233,38.58,1305,150,2025-03-15,2027-11-30,Cipla TN,50346.9
MED0469,Metformin 500mg,Cardiovascular,Reddy Laboratories,B47669,27.01,631,150,2025-03-15,2027-11-30,Reddy Laboratories,17043.31
MED0470,Cetirizine Syrup,Vitamin,Abbott India,B36261,59.53,273,150,2025-03-15,2027-11-30,Abbott India,16251.69
MED0471,Paracetamol 650mg,Antidiabetic,Abbott India,B73288,96.12,1906,150,2025-03-15,2027-11-30,Abbott India,183204.72
MED0472,Vitamin D3 Capsule,Antidiabetic,Micro Labs,B34489,19.52,1935,150,2025-03-15,2027-11-30,Micro Labs,37771.2
MED0473,Azithromycin 500mg,Antihistamine,Reddy Laboratories,B90808,160.85,1705,150,2025-03-15,2027-11-30,Reddy Laboratories,274249.25
MED0474,Pantoprazole 40mg,Antihistamine,Reddy Laboratories,B70361,107.83,940,150,2025-03-15,2027-11-30,Reddy Laboratories,101360.2
MED0475,Amoxicillin 500mg,Antibiotic,Cipla TN,B29332,122.41,778,150,2025-03-15,2027-11-30,Cipla TN,95234.98
MED0476,Amoxicillin 500mg,Vitamin,Cipla TN,B43808,84.53,1349,150,2025-03-15,2027-11-30,Cipla TN,114030.97
MED0477,Vitamin D3 Capsule,Antacid,Zydus Healthcare,B31483,200.17,775,150,2025-03-15,2027-11-30,Zydus Healthcare,155131.75
MED0478,Diclofenac 50mg,Antidiabetic,Zydus Healthcare,B65162,44.27,1401,150,2025-03-15,2027-11-30,Zydus Healthcare,62022.27
MED0479,Cetirizine Syrup,Antidiabetic,Micro Labs,B37563,59.5,816,150,2025-03-15,2027-11-30,Micro Labs,48552
MED0480,Paracetamol 650mg,Anti-inflammatory,Reddy Laboratories,B19515,25.88,103,150,2025-03-15,2027-11-30,Reddy Laboratories,2665.64
MED0481,Diclofenac 50mg,Analgesic,Abbott India,B97359,127.73,1028,150,2025-03-15,2027-11-30,Abbott India,131306.44
MED0482,Atorvastatin 10mg,Anti-inflammatory,SunPharma Ltd,B55594,249.93,1822,150,2025-03-15,2027-11-30,SunPharma Ltd,455372.46
MED0483,Azithromycin 500mg,Vitamin,Cipla TN,B24450,32.18,1968,150,2025-03-15,2027-11-30,Cipla TN,63330.24
MED0484,Vitamin D3 Capsule,Anti-inflammatory,SunPharma Ltd,B11946,34.27,1424,150,2025-03-15,2027-11-30,SunPharma Ltd,48800.48
MED0485,Diclofenac 50mg,Antihistamine,Zydus Healthcare,B47269,70.28,1838,150,2025-03-15,2027-11-30,Zydus Healthcare,129174.64
MED0486,Vitamin D3 Capsule,Antibiotic,Reddy Laboratories,B51132,87.69,813,150,2025-03-15,2027-11-30,Reddy Laboratories,71291.97
MED0487,Atorvastatin 10mg,Antihistamine,Micro Labs,B37419,40.43,82,150,2025-03-15,2027-11-30,Micro Labs,3315.26
MED0488,Diclofenac 50mg,Antidiabetic,SunPharma Ltd,B57143,159.41,1572,150,2025-03-15,2027-11-30,SunPharma Ltd,250592.52
MED0489,Diclofenac 50mg,Antidiabetic,SunPharma Ltd,B46516,235.72,1836,150,2025-03-15,2027-11-30,SunPharma Ltd,432781.92
MED0490,Ranitidine 150mg,Cardiovascular,SunPharma Ltd,B51798,163.7,1655,150,2025-03-15,2027-11-30,SunPharma Ltd,270923.5
MED0491,Ranitidine 150mg,Antibiotic,Zydus Healthcare,B83131,55.72,1282,150,2025-03-15,2027-11-30,Zydus Healthcare,71433.04
MED0492,Telmisartan 40mg,Antibiotic,Cipla TN,B73872,167.28,1016,150,2025-03-15,2027-11-30,Cipla TN,169956.48
MED0493,Azithromycin 500mg,Antacid,Zydus Healthcare,B75957,240.56,893,150,2025-03-15,2027-11-30,Zydus Healthcare,214820.08
MED0494,Ranitidine 150mg,Antidiabetic,Cipla TN,B72453,55.15,1911,150,2025-03-15,2027-11-30,Cipla TN,105391.65
MED0495,Cetirizine Syrup,Antidiabetic,Reddy Laboratories,B84805,45.46,1288,150,2025-03-15,2027-11-30,Reddy Laboratories,58552.48
MED0496,Metformin 500mg,Antacid,Zydus Healthcare,B56546,68.51,1266,150,2025-03-15,2027-11-30,Zydus Healthcare,86733.66
MED0497,Pantoprazole 40mg,Antacid,Cipla TN,B45169,7.34,1369,150,2025-03-15,2027-11-30,Cipla TN,10048.46
MED0498,Telmisartan 40mg,Antihistamine,SunPharma Ltd,B65450,18.57,1959,150,2025-03-15,2027-11-30,SunPharma Ltd,36378.63
MED0499,Cetirizine Syrup,Antidiabetic,Reddy Laboratories,B26531,25.18,1042,150,2025-03-15,2027-11-30,Reddy Laboratories,26237.56
MED0500,Pantoprazole 40mg,Antibiotic,Zydus Healthcare,B50794,237.74,1943,150,2025-03-15,2027-11-30,Zydus Healthcare,461928.82
MED0501,Telmisartan 40mg,Anti-inflammatory,SunPharma Ltd,B34448,8.09,1048,150,2025-03-15,2027-11-30,SunPharma Ltd,8478.32
MED0502,Atorvastatin 10mg,Antacid,Micro Labs,B51119,240.88,1828,150,2025-03-15,2027-11-30,Micro Labs,440328.64
MED0503,Ranitidine 150mg,Cardiovascular,Abbott India,B84279,221.79,1183,150,2025-03-15,2027-11-30,Abbott India,262377.57
MED0504,Cetirizine Syrup,Antidiabetic,Abbott India,B47595,183.01,1320,150,2025-03-15,2027-11-30,Abbott India,241573.2
MED0505,Amoxicillin 500mg,Antacid,Cipla TN,B90752,129.48,1538,150,2025-03-15,2027-11-30,Cipla TN,199140.24
MED0506,Azithromycin 500mg,Anti-inflammatory,SunPharma Ltd,B90000,115.92,334,150,2025-03-15,2027-11-30,SunPharma Ltd,38717.28
MED0507,Atorvastatin 10mg,Anti-inflammatory,SunPharma Ltd,B34541,170.07,195,150,2025-03-15,2027-11-30,SunPharma Ltd,33163.65
MED0508,Diclofenac 50mg,Antacid,Reddy Laboratories,B21170,128.83,1088,150,2025-03-15,2027-11-30,Reddy Laboratories,140167.04
MED0509,Metformin 500mg,Antacid,Abbott India,B25941,141.96,1176,150,2025-03-15,2027-11-30,Abbott India,166944.96
MED0510,Azithromycin 500mg,Cardiovascular,Micro Labs,B17444,50.36,554,150,2025-03-15,2027-11-30,Micro Labs,27899.44
MED0511,Vitamin D3 Capsule,Antihistamine,Abbott India,B14554,85.63,1741,150,2025-03-15,2027-11-30,Abbott India,149081.83
MED0512,Telmisartan 40mg,Antacid,Zydus Healthcare,B16771,156.18,1499,150,2025-03-15,2027-11-30,Zydus Healthcare,234113.82
MED0513,Cetirizine Syrup,Antidiabetic,Reddy Laboratories,B52836,144.25,23,150,2025-03-15,2027-11-30,Reddy Laboratories,3317.75
MED0514,Diclofenac 50mg,Analgesic,Cipla TN,B89944,190.97,787,150,2025-03-15,2027-11-30,Cipla TN,150293.39
MED0515,Cefixime 200mg,Antidiabetic,Micro Labs,B26643,226.81,802,150,2025-03-15,2027-11-30,Micro Labs,181901.62
MED0516,Diclofenac 50mg,Cardiovascular,Reddy Laboratories,B44527,158.92,71,150,2025-03-15,2027-11-30,Reddy Laboratories,11283.32
MED0517,Paracetamol 650mg,Antacid,Reddy Laboratories,B79126,247.72,846,150,2025-03-15,2027-11-30,Reddy Laboratories,209571.12
MED0518,Ranitidine 150mg,Antidiabetic,Zydus Healthcare,B21036,50.3,1984,150,2025-03-15,2027-11-30,Zydus Healthcare,99795.2
MED0519,Vitamin D3 Capsule,Anti-inflammatory,Micro Labs,B28059,221.16,307,150,2025-03-15,2027-11-30,Micro Labs,67896.12
MED0520,Amoxicillin 500mg,Antidiabetic,Zydus Healthcare,B21829,133.86,600,150,2025-03-15,2027-11-30,Zydus Healthcare,80316
MED0521,Amoxicillin 500mg,Anti-inflammatory,Micro Labs,B34315,36.84,987,150,2025-03-15,2027-11-30,Micro Labs,36361.08
MED0522,Azithromycin 500mg,Antihistamine,Abbott India,B43379,187.33,1495,150,2025-03-15,2027-11-30,Abbott India,280058.35
MED0523,Diclofenac 50mg,Vitamin,SunPharma Ltd,B80960,139.31,97,150,2025-03-15,2027-11-30,SunPharma Ltd,13513.07
MED0524,Diclofenac 50mg,Antidiabetic,Zydus Healthcare,B13372,127.54,834,150,2025-03-15,2027-11-30,Zydus Healthcare,106368.36
MED0525,Amoxicillin 500mg,Antihistamine,Zydus Healthcare,B87179,109.45,745,150,2025-03-15,2027-11-30,Zydus Healthcare,81540.25
MED0526,Atorvastatin 10mg,Anti-inflammatory,Zydus Healthcare,B70332,89.01,1268,150,2025-03-15,2027-11-30,Zydus Healthcare,112864.68
MED0527,Paracetamol 650mg,Vitamin,Micro Labs,B88755,150.65,1844,150,2025-03-15,2027-11-30,Micro Labs,277798.6
MED0528,Diclofenac 50mg,Antacid,Reddy Laboratories,B48930,61.07,1661,150,2025-03-15,2027-11-30,Reddy Laboratories,101437.27
MED0529,Paracetamol 650mg,Anti-inflammatory,Reddy Laboratories,B40158,15.86,1513,150,2025-03-15,2027-11-30,Reddy Laboratories,23996.18
MED0530,Paracetamol 650mg,Vitamin,Reddy Laboratories,B26756,179.59,970,150,2025-03-15,2027-11-30,Reddy Laboratories,174202.3
MED0531,Atorvastatin 10mg,Antacid,Reddy Laboratories,B16586,76.76,161,150,2025-03-15,2027-11-30,Reddy Laboratories,12358.36
MED0532,Amoxicillin 500mg,Anti-inflammatory,Micro Labs,B49648,127.13,1407,150,2025-03-15,2027-11-30,Micro Labs,178871.91
MED0533,Paracetamol 650mg,Antibiotic,Zydus Healthcare,B85888,234.91,1945,150,2025-03-15,2027-11-30,Zydus Healthcare,456899.95
MED0534,Atorvastatin 10mg,Cardiovascular,Abbott India,B79529,221.08,1996,150,2025-03-15,2027-11-30,Abbott India,441275.68
MED0535,Ranitidine 150mg,Antihistamine,Micro Labs,B47525,93.64,1140,150,2025-03-15,2027-11-30,Micro Labs,106749.6
MED0536,Cetirizine Syrup,Antacid,Micro Labs,B32625,239.48,1150,150,2025-03-15,2027-11-30,Micro Labs,275402
MED0537,Vitamin D3 Capsule,Antacid,Abbott India,B12703,162.74,394,150,2025-03-15,2027-11-30,Abbott India,64119.56
MED0538,Pantoprazole 40mg,Antidiabetic,Zydus Healthcare,B83768,204.57,58,150,2025-03-15,2027-11-30,Zydus Healthcare,11865.06
MED0539,Pantoprazole 40mg,Anti-inflammatory,Abbott India,B28535,222.75,62,150,2025-03-15,2027-11-30,Abbott India,13810.5
MED0540,Paracetamol 650mg,Anti-inflammatory,Abbott India,B69867,150.42,1602,150,2025-03-15,2027-11-30,Abbott India,240972.84
MED0541,Atorvastatin 10mg,Antacid,Abbott India,B65704,174.6,652,150,2025-03-15,2027-11-30,Abbott India,113839.2
MED0542,Diclofenac 50mg,Antibiotic,Abbott India,B31162,176.59,842,150,2025-03-15,2027-11-30,Abbott India,148688.78
MED0543,Pantoprazole 40mg,Antidiabetic,Zydus Healthcare,B85827,98.32,1439,150,2025-03-15,2027-11-30,Zydus Healthcare,141482.48
MED0544,Telmisartan 40mg,Antihistamine,Abbott India,B11634,62.94,1187,150,2025-03-15,2027-11-30,Abbott India,74709.78
MED0545,Azithromycin 500mg,Vitamin,Reddy Laboratories,B35931,26.95,1744,150,2025-03-15,2027-11-30,Reddy Laboratories,47000.8
MED0546,Telmisartan 40mg,Antibiotic,Reddy Laboratories,B76038,86.85,1994,150,2025-03-15,2027-11-30,Reddy Laboratories,173178.9
MED0547,Amoxicillin 500mg,Cardiovascular,Micro Labs,B32416,84.66,1624,150,2025-03-15,2027-11-30,Micro Labs,137487.84
MED0548,Vitamin D3 Capsule,Analgesic,SunPharma Ltd,B87195,144.64,1118,150,2025-03-15,2027-11-30,SunPharma Ltd,161707.52
MED0549,Amoxicillin 500mg,Vitamin,Abbott India,B85121,67.63,1873,150,2025-03-15,2027-11-30,Abbott India,126670.99
MED0550,Metformin 500mg,Antidiabetic,Zydus Healthcare,B58745,138.07,1282,150,2025-03-15,2027-11-30,Zydus Healthcare,177005.74
MED0551,Pantoprazole 40mg,Antidiabetic,Micro Labs,B41174,124.06,1631,150,2025-03-15,2027-11-30,Micro Labs,202341.86
MED0552,Cetirizine Syrup,Analgesic,SunPharma Ltd,B20247,42.42,305,150,2025-03-15,2027-11-30,SunPharma Ltd,12938.1
MED0553,Ranitidine 150mg,Vitamin,Reddy Laboratories,B82485,186.76,449,150,2025-03-15,2027-11-30,Reddy Laboratories,83855.24
MED0554,Ranitidine 150mg,Antihistamine,Abbott India,B88669,158.72,1133,150,2025-03-15,2027-11-30,Abbott India,179829.76
MED0555,Ranitidine 150mg,Anti-inflammatory,Cipla TN,B86488,21.17,638,150,2025-03-15,2027-11-30,Cipla TN,13506.46
MED0556,Ranitidine 150mg,Antibiotic,Zydus Healthcare,B88243,125.1,592,150,2025-03-15,2027-11-30,Zydus Healthcare,74059.2
MED0557,Vitamin D3 Capsule,Antihistamine,Cipla TN,B27670,204.73,1650,150,2025-03-15,2027-11-30,Cipla TN,337804.5
MED0558,Atorvastatin 10mg,Antidiabetic,Abbott India,B33810,195.34,802,150,2025-03-15,2027-11-30,Abbott India,156662.68
MED0559,Metformin 500mg,Cardiovascular,Reddy Laboratories,B11947,11.39,1184,150,2025-03-15,2027-11-30,Reddy Laboratories,13485.76
MED0560,Cetirizine Syrup,Anti-inflammatory,Reddy Laboratories,B97389,133.56,149,150,2025-03-15,2027-11-30,Reddy Laboratories,19900.44
MED0561,Amoxicillin 500mg,Analgesic,Reddy Laboratories,B26640,137.33,963,150,2025-03-15,2027-11-30,Reddy Laboratories,132248.79
MED0562,Ranitidine 150mg,Analgesic,Micro Labs,B23730,195.33,129,150,2025-03-15,2027-11-30,Micro Labs,25197.57
MED0563,Metformin 500mg,Analgesic,Cipla TN,B24155,166.88,657,150,2025-03-15,2027-11-30,Cipla TN,109640.16
MED0564,Paracetamol 650mg,Antihistamine,Micro Labs,B57602,241.67,1641,150,2025-03-15,2027-11-30,Micro Labs,396580.47
MED0565,Cefixime 200mg,Anti-inflammatory,Abbott India,B47548,48.22,1393,150,2025-03-15,2027-11-30,Abbott India,67170.46
MED0566,Cetirizine Syrup,Antihistamine,Micro Labs,B72970,247.72,375,150,2025-03-15,2027-11-30,Micro Labs,92895
MED0567,Azithromycin 500mg,Analgesic,Reddy Laboratories,B49906,172.76,1280,150,2025-03-15,2027-11-30,Reddy Laboratories,221132.8
MED0568,Atorvastatin 10mg,Cardiovascular,SunPharma Ltd,B37774,216.17,1087,150,2025-03-15,2027-11-30,SunPharma Ltd,234976.79
MED0569,Azithromycin 500mg,Anti-inflammatory,Reddy Laboratories,B24864,93.14,1665,150,2025-03-15,2027-11-30,Reddy Laboratories,155078.1
MED0570,Atorvastatin 10mg,Antacid,Abbott India,B27305,87.31,1630,150,2025-03-15,2027-11-30,Abbott India,142315.3
MED0571,Azithromycin 500mg,Antacid,SunPharma Ltd,B47820,241.93,201,150,2025-03-15,2027-11-30,SunPharma Ltd,48627.93
MED0572,Cetirizine Syrup,Analgesic,Reddy Laboratories,B88137,18.75,40,150,2025-03-15,2027-11-30,Reddy Laboratories,750
MED0573,Vitamin D3 Capsule,Antidiabetic,SunPharma Ltd,B68491,136.2,1896,150,2025-03-15,2027-11-30,SunPharma Ltd,258235.2
MED0574,Ranitidine 150mg,Antidiabetic,Abbott India,B33486,113.78,859,150,2025-03-15,2027-11-30,Abbott India,97737.02
MED0575,Azithromycin 500mg,Antidiabetic,Micro Labs,B20002,7.5,772,150,2025-03-15,2027-11-30,Micro Labs,5790
MED0576,Atorvastatin 10mg,Antidiabetic,SunPharma Ltd,B50324,58.62,1713,150,2025-03-15,2027-11-30,SunPharma Ltd,100416.06
MED0577,Diclofenac 50mg,Vitamin,Micro Labs,B62634,155.97,71,150,2025-03-15,2027-11-30,Micro Labs,11073.87
MED0578,Paracetamol 650mg,Cardiovascular,Zydus Healthcare,B82053,72.92,394,150,2025-03-15,2027-11-30,Zydus Healthcare,28730.48
MED0579,Metformin 500mg,Analgesic,Cipla TN,B81521,189.97,423,150,2025-03-15,2027-11-30,Cipla TN,80357.31
MED0580,Paracetamol 650mg,Antacid,Zydus Healthcare,B13668,142.65,338,150,2025-03-15,2027-11-30,Zydus Healthcare,48215.7
MED0581,Cetirizine Syrup,Cardiovascular,Abbott India,B85440,34.73,319,150,2025-03-15,2027-11-30,Abbott India,11078.87
MED0582,Paracetamol 650mg,Antibiotic,Reddy Laboratories,B24003,30.43,313,150,2025-03-15,2027-11-30,Reddy Laboratories,9524.59
MED0583,Telmisartan 40mg,Antibiotic,Abbott India,B32706,227.19,1235,150,2025-03-15,2027-11-30,Abbott India,280579.65
MED0584,Vitamin D3 Capsule,Antidiabetic,Abbott India,B16880,82.25,1398,150,2025-03-15,2027-11-30,Abbott India,114985.5
MED0585,Paracetamol 650mg,Cardiovascular,Abbott India,B32844,158.34,712,150,2025-03-15,2027-11-30,Abbott India,112738.08
MED0586,Paracetamol 650mg,Vitamin,SunPharma Ltd,B53322,87.96,1097,150,2025-03-15,2027-11-30,SunPharma Ltd,96492.12
MED0587,Metformin 500mg,Anti-inflammatory,Zydus Healthcare,B93562,81.48,1120,150,2025-03-15,2027-11-30,Zydus Healthcare,91257.6
MED0588,Cefixime 200mg,Anti-inflammatory,Reddy Laboratories,B45911,217.14,1735,150,2025-03-15,2027-11-30,Reddy Laboratories,376737.9
MED0589,Amoxicillin 500mg,Vitamin,Abbott India,B37506,86.79,990,150,2025-03-15,2027-11-30,Abbott India,85922.1
MED0590,Cefixime 200mg,Antibiotic,Micro Labs,B97983,205.49,219,150,2025-03-15,2027-11-30,Micro Labs,45002.31
MED0591,Paracetamol 650mg,Antacid,Reddy Laboratories,B87665,111.18,85,150,2025-03-15,2027-11-30,Reddy Laboratories,9450.3
MED0592,Telmisartan 40mg,Antihistamine,SunPharma Ltd,B37027,242.11,637,150,2025-03-15,2027-11-30,SunPharma Ltd,154224.07
MED0593,Pantoprazole 40mg,Anti-inflammatory,Cipla TN,B37384,24.68,144,150,2025-03-15,2027-11-30,Cipla TN,3553.92
MED0594,Amoxicillin 500mg,Antacid,Cipla TN,B28354,208.54,1441,150,2025-03-15,2027-11-30,Cipla TN,300506.14
MED0595,Ranitidine 150mg,Vitamin,Micro Labs,B26515,246.52,1195,150,2025-03-15,2027-11-30,Micro Labs,294591.4
MED0596,Atorvastatin 10mg,Cardiovascular,Reddy Laboratories,B53915,240.13,467,150,2025-03-15,2027-11-30,Reddy Laboratories,112140.71
MED0597,Pantoprazole 40mg,Cardiovascular,Reddy Laboratories,B20933,25.94,910,150,2025-03-15,2027-11-30,Reddy Laboratories,23605.4
MED0598,Atorvastatin 10mg,Antidiabetic,Zydus Healthcare,B28888,31.01,1795,150,2025-03-15,2027-11-30,Zydus Healthcare,55662.95
MED0599,Paracetamol 650mg,Anti-inflammatory,SunPharma Ltd,B93391,116.87,471,150,2025-03-15,2027-11-30,SunPharma Ltd,55045.77
MED0600,Azithromycin 500mg,Antidiabetic,Micro Labs,B97472,220.03,164,150,2025-03-15,2027-11-30,Micro Labs,36084.92
MED0601,Diclofenac 50mg,Antacid,Zydus Healthcare,B52861,72.94,1324,150,2025-03-15,2027-11-30,Zydus Healthcare,96572.56
MED0602,Metformin 500mg,Antacid,Micro Labs,B51472,68.38,1728,150,2025-03-15,2027-11-30,Micro Labs,118160.64
MED0603,Azithromycin 500mg,Antibiotic,Reddy Laboratories,B72391,21.26,874,150,2025-03-15,2027-11-30,Reddy Laboratories,18581.24
MED0604,Cefixime 200mg,Analgesic,SunPharma Ltd,B89921,191.72,1312,150,2025-03-15,2027-11-30,SunPharma Ltd,251536.64
MED0605,Telmisartan 40mg,Antidiabetic,Abbott India,B43043,71.49,1835,150,2025-03-15,2027-11-30,Abbott India,131184.15
MED0606,Cefixime 200mg,Vitamin,SunPharma Ltd,B76345,115.61,1492,150,2025-03-15,2027-11-30,SunPharma Ltd,172490.12
MED0607,Cefixime 200mg,Cardiovascular,Abbott India,B42402,244.14,53,150,2025-03-15,2027-11-30,Abbott India,12939.42
MED0608,Azithromycin 500mg,Antacid,Abbott India,B86939,103.84,1749,150,2025-03-15,2027-11-30,Abbott India,181616.16
MED0609,Atorvastatin 10mg,Analgesic,Cipla TN,B54254,151.78,1342,150,2025-03-15,2027-11-30,Cipla TN,203688.76
MED0610,Paracetamol 650mg,Anti-inflammatory,Reddy Laboratories,B92151,10.65,1717,150,2025-03-15,2027-11-30,Reddy Laboratories,18286.05
MED0611,Paracetamol 650mg,Cardiovascular,Zydus Healthcare,B60354,222.64,1538,150,2025-03-15,2027-11-30,Zydus Healthcare,342420.32
MED0612,Diclofenac 50mg,Antihistamine,Cipla TN,B51999,168.23,313,150,2025-03-15,2027-11-30,Cipla TN,52655.99
MED0613,Amoxicillin 500mg,Antihistamine,Micro Labs,B42956,86.38,1021,150,2025-03-15,2027-11-30,Micro Labs,88193.98
MED0614,Vitamin D3 Capsule,Anti-inflammatory,Micro Labs,B22209,67.17,1225,150,2025-03-15,2027-11-30,Micro Labs,82283.25
MED0615,Diclofenac 50mg,Cardiovascular,Cipla TN,B64345,20.72,185,150,2025-03-15,2027-11-30,Cipla TN,3833.2
MED0616,Diclofenac 50mg,Antibiotic,SunPharma Ltd,B48221,168.48,559,150,2025-03-15,2027-11-30,SunPharma Ltd,94180.32
MED0617,Amoxicillin 500mg,Antihistamine,Zydus Healthcare,B47206,169.6,998,150,2025-03-15,2027-11-30,Zydus Healthcare,169260.8
MED0618,Amoxicillin 500mg,Vitamin,Abbott India,B16716,32.32,301,150,2025-03-15,2027-11-30,Abbott India,9728.32
MED0619,Cetirizine Syrup,Analgesic,Zydus Healthcare,B40158,130.78,1216,150,2025-03-15,2027-11-30,Zydus Healthcare,159028.48
MED0620,Azithromycin 500mg,Antibiotic,Micro Labs,B61701,43.92,1950,150,2025-03-15,2027-11-30,Micro Labs,85644
MED0621,Atorvastatin 10mg,Antidiabetic,Reddy Laboratories,B19906,91.85,1306,150,2025-03-15,2027-11-30,Reddy Laboratories,119956.1
MED0622,Vitamin D3 Capsule,Cardiovascular,Reddy Laboratories,B18434,116.99,1919,150,2025-03-15,2027-11-30,Reddy Laboratories,224503.81
MED0623,Azithromycin 500mg,Antihistamine,SunPharma Ltd,B55485,145.6,32,150,2025-03-15,2027-11-30,SunPharma Ltd,4659.2
MED0624,Azithromycin 500mg,Antihistamine,Cipla TN,B82928,126.09,1802,150,2025-03-15,2027-11-30,Cipla TN,227214.18
MED0625,Cetirizine Syrup,Analgesic,Abbott India,B21766,230.85,227,150,2025-03-15,2027-11-30,Abbott India,52402.95
MED0626,Telmisartan 40mg,Antibiotic,Reddy Laboratories,B82944,191.44,1785,150,2025-03-15,2027-11-30,Reddy Laboratories,341720.4
MED0627,Atorvastatin 10mg,Antibiotic,Reddy Laboratories,B45059,227.65,790,150,2025-03-15,2027-11-30,Reddy Laboratories,179843.5
MED0628,Atorvastatin 10mg,Analgesic,Zydus Healthcare,B98373,5.07,57,150,2025-03-15,2027-11-30,Zydus Healthcare,288.99
MED0629,Telmisartan 40mg,Anti-inflammatory,Reddy Laboratories,B34104,18.93,311,150,2025-03-15,2027-11-30,Reddy Laboratories,5887.23
MED0630,Cefixime 200mg,Cardiovascular,Micro Labs,B99686,63.44,1881,150,2025-03-15,2027-11-30,Micro Labs,119330.64
MED0631,Vitamin D3 Capsule,Vitamin,Abbott India,B20844,174.35,297,150,2025-03-15,2027-11-30,Abbott India,51781.95
MED0632,Amoxicillin 500mg,Antacid,SunPharma Ltd,B27806,131.73,621,150,2025-03-15,2027-11-30,SunPharma Ltd,81804.33
MED0633,Amoxicillin 500mg,Antibiotic,Abbott India,B18250,214.8,123,150,2025-03-15,2027-11-30,Abbott India,26420.4
MED0634,Metformin 500mg,Anti-inflammatory,Micro Labs,B42206,104.65,673,150,2025-03-15,2027-11-30,Micro Labs,70429.45
MED0635,Cefixime 200mg,Antacid,Abbott India,B99579,122.98,1302,150,2025-03-15,2027-11-30,Abbott India,160119.96
MED0636,Vitamin D3 Capsule,Vitamin,Zydus Healthcare,B57470,166.75,1846,150,2025-03-15,2027-11-30,Zydus Healthcare,307820.5
MED0637,Diclofenac 50mg,Anti-inflammatory,Micro Labs,B56215,229.44,903,150,2025-03-15,2027-11-30,Micro Labs,207184.32
MED0638,Atorvastatin 10mg,Antibiotic,Zydus Healthcare,B92331,133.12,467,150,2025-03-15,2027-11-30,Zydus Healthcare,62167.04
MED0639,Azithromycin 500mg,Antibiotic,Reddy Laboratories,B98484,167.03,1212,150,2025-03-15,2027-11-30,Reddy Laboratories,202440.36
MED0640,Amoxicillin 500mg,Vitamin,Abbott India,B46102,28.82,964,150,2025-03-15,2027-11-30,Abbott India,27782.48
MED0641,Vitamin D3 Capsule,Antibiotic,Abbott India,B33265,203.54,696,150,2025-03-15,2027-11-30,Abbott India,141663.84
MED0642,Azithromycin 500mg,Cardiovascular,Abbott India,B57659,163.57,1339,150,2025-03-15,2027-11-30,Abbott India,219020.23
MED0643,Cefixime 200mg,Cardiovascular,SunPharma Ltd,B21369,195.2,704,150,2025-03-15,2027-11-30,SunPharma Ltd,137420.8
MED0644,Paracetamol 650mg,Antihistamine,Reddy Laboratories,B12665,113.98,435,150,2025-03-15,2027-11-30,Reddy Laboratories,49581.3
MED0645,Pantoprazole 40mg,Antidiabetic,Abbott India,B83030,23.12,366,150,2025-03-15,2027-11-30,Abbott India,8461.92
MED0646,Metformin 500mg,Antacid,SunPharma Ltd,B50905,162.77,929,150,2025-03-15,2027-11-30,SunPharma Ltd,151213.33
MED0647,Metformin 500mg,Antibiotic,Micro Labs,B88487,7.26,555,150,2025-03-15,2027-11-30,Micro Labs,4029.3
MED0648,Cefixime 200mg,Anti-inflammatory,Cipla TN,B44426,30.55,1160,150,2025-03-15,2027-11-30,Cipla TN,35438
MED0649,Pantoprazole 40mg,Analgesic,Micro Labs,B41979,52.53,1203,150,2025-03-15,2027-11-30,Micro Labs,63193.59
MED0650,Telmisartan 40mg,Antihistamine,Abbott India,B62483,156.49,1516,150,2025-03-15,2027-11-30,Abbott India,237238.84
MED0651,Pantoprazole 40mg,Cardiovascular,Cipla TN,B89951,232.1,921,150,2025-03-15,2027-11-30,Cipla TN,213764.1
MED0652,Vitamin D3 Capsule,Antidiabetic,Zydus Healthcare,B82195,186.73,1016,150,2025-03-15,2027-11-30,Zydus Healthcare,189717.68
MED0653,Telmisartan 40mg,Analgesic,Abbott India,B31545,194.51,1446,150,2025-03-15,2027-11-30,Abbott India,281261.46
MED0654,Cetirizine Syrup,Antacid,Zydus Healthcare,B85652,245.47,991,150,2025-03-15,2027-11-30,Zydus Healthcare,243260.77
MED0655,Metformin 500mg,Cardiovascular,Abbott India,B14125,41.39,594,150,2025-03-15,2027-11-30,Abbott India,24585.66
MED0656,Cefixime 200mg,Cardiovascular,Cipla TN,B97533,123.49,1607,150,2025-03-15,2027-11-30,Cipla TN,198448.43
MED0657,Paracetamol 650mg,Vitamin,Abbott India,B52448,67.07,1882,150,2025-03-15,2027-11-30,Abbott India,126225.74
MED0658,Cefixime 200mg,Antacid,Zydus Healthcare,B84165,211.58,968,150,2025-03-15,2027-11-30,Zydus Healthcare,204809.44
MED0659,Vitamin D3 Capsule,Cardiovascular,Zydus Healthcare,B84755,165.73,1956,150,2025-03-15,2027-11-30,Zydus Healthcare,324167.88
MED0660,Amoxicillin 500mg,Antacid,Micro Labs,B86579,33.96,1978,150,2025-03-15,2027-11-30,Micro Labs,67172.88
MED0661,Amoxicillin 500mg,Anti-inflammatory,Reddy Laboratories,B95839,110.15,797,150,2025-03-15,2027-11-30,Reddy Laboratories,87789.55
MED0662,Azithromycin 500mg,Anti-inflammatory,Cipla TN,B75355,112.36,1823,150,2025-03-15,2027-11-30,Cipla TN,204832.28
MED0663,Cetirizine Syrup,Anti-inflammatory,Reddy Laboratories,B60637,208.07,1645,150,2025-03-15,2027-11-30,Reddy Laboratories,342275.15
MED0664,Metformin 500mg,Antacid,Abbott India,B12673,212.33,1135,150,2025-03-15,2027-11-30,Abbott India,240994.55
MED0665,Azithromycin 500mg,Analgesic,Abbott India,B62930,224.8,556,150,2025-03-15,2027-11-30,Abbott India,124988.8
MED0666,Ranitidine 150mg,Anti-inflammatory,Abbott India,B52124,69.92,1463,150,2025-03-15,2027-11-30,Abbott India,102292.96
MED0667,Vitamin D3 Capsule,Antacid,Reddy Laboratories,B79499,165.72,1831,150,2025-03-15,2027-11-30,Reddy Laboratories,303433.32
MED0668,Amoxicillin 500mg,Cardiovascular,Zydus Healthcare,B79231,231.88,1543,150,2025-03-15,2027-11-30,Zydus Healthcare,357790.84
MED0669,Cefixime 200mg,Cardiovascular,Zydus Healthcare,B73853,91.76,1025,150,2025-03-15,2027-11-30,Zydus Healthcare,94054
MED0670,Atorvastatin 10mg,Antacid,Zydus Healthcare,B23339,127.67,864,150,2025-03-15,2027-11-30,Zydus Healthcare,110306.88
MED0671,Cefixime 200mg,Anti-inflammatory,Reddy Laboratories,B51074,138.97,392,150,2025-03-15,2027-11-30,Reddy Laboratories,54476.24
MED0672,Amoxicillin 500mg,Antibiotic,Abbott India,B72761,49.11,377,150,2025-03-15,2027-11-30,Abbott India,18514.47
MED0673,Vitamin D3 Capsule,Cardiovascular,Zydus Healthcare,B93725,206.75,1456,150,2025-03-15,2027-11-30,Zydus Healthcare,301028
MED0674,Paracetamol 650mg,Antibiotic,Cipla TN,B31694,150.99,468,150,2025-03-15,2027-11-30,Cipla TN,70663.32
MED0675,Pantoprazole 40mg,Antibiotic,Reddy Laboratories,B39545,77.93,1430,150,2025-03-15,2027-11-30,Reddy Laboratories,111439.9
MED0676,Vitamin D3 Capsule,Antidiabetic,Cipla TN,B68611,79.72,1062,150,2025-03-15,2027-11-30,Cipla TN,84662.64
MED0677,Telmisartan 40mg,Antihistamine,Abbott India,B43135,70.74,576,150,2025-03-15,2027-11-30,Abbott India,40746.24
MED0678,Atorvastatin 10mg,Anti-inflammatory,Cipla TN,B31291,162.46,122,150,2025-03-15,2027-11-30,Cipla TN,19820.12
MED0679,Telmisartan 40mg,Antibiotic,SunPharma Ltd,B25475,75.92,418,150,2025-03-15,2027-11-30,SunPharma Ltd,31734.56
MED0680,Cefixime 200mg,Antacid,Abbott India,B94285,83.64,1293,150,2025-03-15,2027-11-30,Abbott India,108146.52
MED0681,Paracetamol 650mg,Vitamin,Reddy Laboratories,B86593,70.21,259,150,2025-03-15,2027-11-30,Reddy Laboratories,18184.39
MED0682,Cefixime 200mg,Vitamin,Abbott India,B73690,30.02,1339,150,2025-03-15,2027-11-30,Abbott India,40196.78
MED0683,Diclofenac 50mg,Cardiovascular,Reddy Laboratories,B71776,58.9,222,150,2025-03-15,2027-11-30,Reddy Laboratories,13075.8
MED0684,Azithromycin 500mg,Anti-inflammatory,Reddy Laboratories,B54088,10.29,934,150,2025-03-15,2027-11-30,Reddy Laboratories,9610.86
MED0685,Vitamin D3 Capsule,Analgesic,SunPharma Ltd,B45552,185.63,285,150,2025-03-15,2027-11-30,SunPharma Ltd,52904.55
MED0686,Azithromycin 500mg,Cardiovascular,Zydus Healthcare,B53861,50.2,195,150,2025-03-15,2027-11-30,Zydus Healthcare,9789
MED0687,Metformin 500mg,Antihistamine,Zydus Healthcare,B81227,113.92,273,150,2025-03-15,2027-11-30,Zydus Healthcare,31100.16
MED0688,Vitamin D3 Capsule,Vitamin,Reddy Laboratories,B89018,71.59,1385,150,2025-03-15,2027-11-30,Reddy Laboratories,99152.15
MED0689,Amoxicillin 500mg,Antacid,Abbott India,B47575,195.58,1781,150,2025-03-15,2027-11-30,Abbott India,348327.98
MED0690,Metformin 500mg,Vitamin,Abbott India,B45271,133.4,810,150,2025-03-15,2027-11-30,Abbott India,108054
MED0691,Cetirizine Syrup,Cardiovascular,Cipla TN,B25646,71.49,425,150,2025-03-15,2027-11-30,Cipla TN,30383.25
MED0692,Metformin 500mg,Vitamin,Cipla TN,B49266,239.85,1013,150,2025-03-15,2027-11-30,Cipla TN,242968.05
MED0693,Pantoprazole 40mg,Antihistamine,Zydus Healthcare,B44486,21.76,145,150,2025-03-15,2027-11-30,Zydus Healthcare,3155.2
MED0694,Atorvastatin 10mg,Vitamin,Zydus Healthcare,B53162,238.53,1466,150,2025-03-15,2027-11-30,Zydus Healthcare,349684.98
MED0695,Cetirizine Syrup,Vitamin,Zydus Healthcare,B35230,181.02,1017,150,2025-03-15,2027-11-30,Zydus Healthcare,184097.34
MED0696,Vitamin D3 Capsule,Antidiabetic,Micro Labs,B94194,36.74,1468,150,2025-03-15,2027-11-30,Micro Labs,53934.32
MED0697,Vitamin D3 Capsule,Anti-inflammatory,Micro Labs,B39519,115.95,1248,150,2025-03-15,2027-11-30,Micro Labs,144705.6
MED0698,Cefixime 200mg,Analgesic,Cipla TN,B34732,189.51,483,150,2025-03-15,2027-11-30,Cipla TN,91533.33
MED0699,Diclofenac 50mg,Antacid,Zydus Healthcare,B61940,106.2,948,150,2025-03-15,2027-11-30,Zydus Healthcare,100677.6
MED0700,Pantoprazole 40mg,Antacid,Cipla TN,B26587,184.64,981,150,2025-03-15,2027-11-30,Cipla TN,181131.84
MED0701,Paracetamol 650mg,Antibiotic,Zydus Healthcare,B66577,237.59,1168,150,2025-03-15,2027-11-30,Zydus Healthcare,277505.12
MED0702,Telmisartan 40mg,Vitamin,Zydus Healthcare,B21108,229.1,1662,150,2025-03-15,2027-11-30,Zydus Healthcare,380764.2
MED0703,Telmisartan 40mg,Antihistamine,SunPharma Ltd,B27751,136.58,1690,150,2025-03-15,2027-11-30,SunPharma Ltd,230820.2
MED0704,Diclofenac 50mg,Cardiovascular,Cipla TN,B70403,215.11,607,150,2025-03-15,2027-11-30,Cipla TN,130571.77
MED0705,Metformin 500mg,Antidiabetic,Abbott India,B99622,158.47,1131,150,2025-03-15,2027-11-30,Abbott India,179229.57
MED0706,Azithromycin 500mg,Cardiovascular,SunPharma Ltd,B86553,180.45,1101,150,2025-03-15,2027-11-30,SunPharma Ltd,198675.45
MED0707,Diclofenac 50mg,Antidiabetic,SunPharma Ltd,B28050,35.65,1415,150,2025-03-15,2027-11-30,SunPharma Ltd,50444.75
MED0708,Diclofenac 50mg,Antidiabetic,Zydus Healthcare,B14115,95.26,247,150,2025-03-15,2027-11-30,Zydus Healthcare,23529.22
MED0709,Ranitidine 150mg,Antihistamine,Zydus Healthcare,B53375,51.87,908,150,2025-03-15,2027-11-30,Zydus Healthcare,47097.96
MED0710,Telmisartan 40mg,Cardiovascular,Reddy Laboratories,B32007,102.15,1483,150,2025-03-15,2027-11-30,Reddy Laboratories,151488.45
MED0711,Atorvastatin 10mg,Antidiabetic,Abbott India,B10368,16.05,1330,150,2025-03-15,2027-11-30,Abbott India,21346.5
MED0712,Telmisartan 40mg,Antihistamine,Zydus Healthcare,B37141,44.62,580,150,2025-03-15,2027-11-30,Zydus Healthcare,25879.6
MED0713,Vitamin D3 Capsule,Antacid,SunPharma Ltd,B94984,108.27,1727,150,2025-03-15,2027-11-30,SunPharma Ltd,186982.29
MED0714,Azithromycin 500mg,Antihistamine,Micro Labs,B23333,62.56,1532,150,2025-03-15,2027-11-30,Micro Labs,95841.92
MED0715,Amoxicillin 500mg,Vitamin,Reddy Laboratories,B95958,182.7,1440,150,2025-03-15,2027-11-30,Reddy Laboratories,263088
MED0716,Azithromycin 500mg,Analgesic,Reddy Laboratories,B75210,85.67,820,150,2025-03-15,2027-11-30,Reddy Laboratories,70249.4
MED0717,Metformin 500mg,Cardiovascular,SunPharma Ltd,B87702,73.8,1434,150,2025-03-15,2027-11-30,SunPharma Ltd,105829.2
MED0718,Diclofenac 50mg,Cardiovascular,Zydus Healthcare,B13894,81.68,165,150,2025-03-15,2027-11-30,Zydus Healthcare,13477.2
MED0719,Cefixime 200mg,Analgesic,Micro Labs,B66628,112.42,1924,150,2025-03-15,2027-11-30,Micro Labs,216296.08
MED0720,Cefixime 200mg,Analgesic,Reddy Laboratories,B33853,98.48,427,150,2025-03-15,2027-11-30,Reddy Laboratories,42050.96
MED0721,Metformin 500mg,Antibiotic,Micro Labs,B49899,48.4,659,150,2025-03-15,2027-11-30,Micro Labs,31895.6
MED0722,Ranitidine 150mg,Anti-inflammatory,Micro Labs,B22105,36.5,1494,150,2025-03-15,2027-11-30,Micro Labs,54531
MED0723,Azithromycin 500mg,Antidiabetic,Cipla TN,B54294,236.6,1357,150,2025-03-15,2027-11-30,Cipla TN,321066.2
MED0724,Metformin 500mg,Vitamin,SunPharma Ltd,B51004,126.19,484,150,2025-03-15,2027-11-30,SunPharma Ltd,61075.96
MED0725,Vitamin D3 Capsule,Analgesic,SunPharma Ltd,B50615,149.81,817,150,2025-03-15,2027-11-30,SunPharma Ltd,122394.77
MED0726,Azithromycin 500mg,Analgesic,Micro Labs,B97940,98.08,1421,150,2025-03-15,2027-11-30,Micro Labs,139371.68
MED0727,Paracetamol 650mg,Anti-inflammatory,SunPharma Ltd,B62445,212.26,384,150,2025-03-15,2027-11-30,SunPharma Ltd,81507.84
MED0728,Vitamin D3 Capsule,Anti-inflammatory,Micro Labs,B42894,51.81,1570,150,2025-03-15,2027-11-30,Micro Labs,81341.7
MED0729,Vitamin D3 Capsule,Antibiotic,Zydus Healthcare,B79914,170.97,1107,150,2025-03-15,2027-11-30,Zydus Healthcare,189263.79
MED0730,Metformin 500mg,Antihistamine,Abbott India,B92158,23.87,360,150,2025-03-15,2027-11-30,Abbott India,8593.2
MED0731,Azithromycin 500mg,Analgesic,Cipla TN,B14987,76.22,1756,150,2025-03-15,2027-11-30,Cipla TN,133842.32
MED0732,Telmisartan 40mg,Antidiabetic,Micro Labs,B95398,20.73,467,150,2025-03-15,2027-11-30,Micro Labs,9680.91
MED0733,Azithromycin 500mg,Vitamin,Abbott India,B39681,34.12,139,150,2025-03-15,2027-11-30,Abbott India,4742.68
MED0734,Telmisartan 40mg,Antihistamine,SunPharma Ltd,B35247,20.63,128,150,2025-03-15,2027-11-30,SunPharma Ltd,2640.64
MED0735,Metformin 500mg,Antihistamine,Zydus Healthcare,B80459,40.42,1604,150,2025-03-15,2027-11-30,Zydus Healthcare,64833.68
MED0736,Cetirizine Syrup,Antihistamine,Zydus Healthcare,B69432,147.35,132,150,2025-03-15,2027-11-30,Zydus Healthcare,19450.2
MED0737,Atorvastatin 10mg,Anti-inflammatory,Micro Labs,B16221,208.85,897,150,2025-03-15,2027-11-30,Micro Labs,187338.45
MED0738,Pantoprazole 40mg,Antibiotic,SunPharma Ltd,B18255,221.27,1468,150,2025-03-15,2027-11-30,SunPharma Ltd,324824.36
MED0739,Ranitidine 150mg,Antidiabetic,Zydus Healthcare,B67649,83.36,951,150,2025-03-15,2027-11-30,Zydus Healthcare,79275.36
MED0740,Azithromycin 500mg,Analgesic,SunPharma Ltd,B84089,205.66,740,150,2025-03-15,2027-11-30,SunPharma Ltd,152188.4
MED0741,Telmisartan 40mg,Cardiovascular,Zydus Healthcare,B89486,164.14,671,150,2025-03-15,2027-11-30,Zydus Healthcare,110137.94
MED0742,Cefixime 200mg,Cardiovascular,Abbott India,B70345,164.11,968,150,2025-03-15,2027-11-30,Abbott India,158858.48
MED0743,Pantoprazole 40mg,Analgesic,SunPharma Ltd,B17261,48.53,1627,150,2025-03-15,2027-11-30,SunPharma Ltd,78958.31
MED0744,Cetirizine Syrup,Antihistamine,Cipla TN,B47589,69.32,1424,150,2025-03-15,2027-11-30,Cipla TN,98711.68
MED0745,Cefixime 200mg,Cardiovascular,Abbott India,B51530,135.99,1365,150,2025-03-15,2027-11-30,Abbott India,185626.35
MED0746,Amoxicillin 500mg,Antihistamine,Micro Labs,B75544,50.27,402,150,2025-03-15,2027-11-30,Micro Labs,20208.54
MED0747,Paracetamol 650mg,Antacid,Zydus Healthcare,B28001,37.05,1999,150,2025-03-15,2027-11-30,Zydus Healthcare,74062.95
MED0748,Metformin 500mg,Antacid,Micro Labs,B79551,116.97,764,150,2025-03-15,2027-11-30,Micro Labs,89365.08
MED0749,Paracetamol 650mg,Cardiovascular,Cipla TN,B15699,169.1,363,150,2025-03-15,2027-11-30,Cipla TN,61383.3
MED0750,Diclofenac 50mg,Antidiabetic,SunPharma Ltd,B35278,113.8,1918,150,2025-03-15,2027-11-30,SunPharma Ltd,218268.4
MED0751,Telmisartan 40mg,Antibiotic,SunPharma Ltd,B34774,218.94,408,150,2025-03-15,2027-11-30,SunPharma Ltd,89327.52
MED0752,Ranitidine 150mg,Antidiabetic,Abbott India,B93574,130.91,1868,150,2025-03-15,2027-11-30,Abbott India,244539.88
MED0753,Vitamin D3 Capsule,Cardiovascular,Cipla TN,B26551,99.87,1079,150,2025-03-15,2027-11-30,Cipla TN,107759.73
MED0754,Vitamin D3 Capsule,Vitamin,Zydus Healthcare,B91210,52.06,910,150,2025-03-15,2027-11-30,Zydus Healthcare,47374.6
MED0755,Amoxicillin 500mg,Analgesic,Micro Labs,B10832,15.01,1464,150,2025-03-15,2027-11-30,Micro Labs,21974.64
MED0756,Telmisartan 40mg,Vitamin,SunPharma Ltd,B50584,10.98,1391,150,2025-03-15,2027-11-30,SunPharma Ltd,15273.18
MED0757,Cetirizine Syrup,Vitamin,Cipla TN,B37535,87.4,237,150,2025-03-15,2027-11-30,Cipla TN,20713.8
MED0758,Cetirizine Syrup,Vitamin,Zydus Healthcare,B69113,74.11,516,150,2025-03-15,2027-11-30,Zydus Healthcare,38240.76
MED0759,Metformin 500mg,Antidiabetic,Reddy Laboratories,B71913,90.29,1080,150,2025-03-15,2027-11-30,Reddy Laboratories,97513.2
MED0760,Azithromycin 500mg,Analgesic,Cipla TN,B10318,38.93,375,150,2025-03-15,2027-11-30,Cipla TN,14598.75
MED0761,Diclofenac 50mg,Antidiabetic,Abbott India,B44055,183.51,580,150,2025-03-15,2027-11-30,Abbott India,106435.8
MED0762,Ranitidine 150mg,Antihistamine,Reddy Laboratories,B27538,169.7,1479,150,2025-03-15,2027-11-30,Reddy Laboratories,250986.3
MED0763,Pantoprazole 40mg,Antihistamine,Cipla TN,B73475,149.32,1903,150,2025-03-15,2027-11-30,Cipla TN,284155.96
MED0764,Telmisartan 40mg,Anti-inflammatory,Reddy Laboratories,B18911,233.43,1580,150,2025-03-15,2027-11-30,Reddy Laboratories,368819.4
MED0765,Ranitidine 150mg,Anti-inflammatory,SunPharma Ltd,B80267,103.85,1771,150,2025-03-15,2027-11-30,SunPharma Ltd,183918.35
MED0766,Metformin 500mg,Antibiotic,Micro Labs,B82604,155.07,1946,150,2025-03-15,2027-11-30,Micro Labs,301766.22
MED0767,Pantoprazole 40mg,Antihistamine,Reddy Laboratories,B97691,99.42,1165,150,2025-03-15,2027-11-30,Reddy Laboratories,115824.3
MED0768,Vitamin D3 Capsule,Analgesic,Cipla TN,B21565,91.59,1234,150,2025-03-15,2027-11-30,Cipla TN,113022.06
MED0769,Azithromycin 500mg,Antibiotic,SunPharma Ltd,B89297,139.45,1202,150,2025-03-15,2027-11-30,SunPharma Ltd,167618.9
MED0770,Paracetamol 650mg,Antacid,Micro Labs,B12846,58.12,1772,150,2025-03-15,2027-11-30,Micro Labs,102988.64
MED0771,Atorvastatin 10mg,Antacid,Abbott India,B37664,58.96,909,150,2025-03-15,2027-11-30,Abbott India,53594.64
MED0772,Cetirizine Syrup,Analgesic,Micro Labs,B73726,106.31,1727,150,2025-03-15,2027-11-30,Micro Labs,183597.37
MED0773,Pantoprazole 40mg,Anti-inflammatory,Zydus Healthcare,B20004,132,350,150,2025-03-15,2027-11-30,Zydus Healthcare,46200
MED0774,Paracetamol 650mg,Antidiabetic,Reddy Laboratories,B55995,57.51,1713,150,2025-03-15,2027-11-30,Reddy Laboratories,98514.63
MED0775,Amoxicillin 500mg,Antidiabetic,Reddy Laboratories,B78541,123.02,1873,150,2025-03-15,2027-11-30,Reddy Laboratories,230416.46
MED0776,Azithromycin 500mg,Antihistamine,Abbott India,B60034,31.99,1439,150,2025-03-15,2027-11-30,Abbott India,46033.61
MED0777,Vitamin D3 Capsule,Cardiovascular,Reddy Laboratories,B63626,32.99,749,150,2025-03-15,2027-11-30,Reddy Laboratories,24709.51
MED0778,Ranitidine 150mg,Vitamin,Cipla TN,B76065,221.97,685,150,2025-03-15,2027-11-30,Cipla TN,152049.45
MED0779,Cefixime 200mg,Antibiotic,Reddy Laboratories,B65878,220.55,592,150,2025-03-15,2027-11-30,Reddy Laboratories,130565.6
MED0780,Vitamin D3 Capsule,Anti-inflammatory,Micro Labs,B54555,175.08,457,150,2025-03-15,2027-11-30,Micro Labs,80011.56
MED0781,Cetirizine Syrup,Antihistamine,Zydus Healthcare,B69502,101.95,196,150,2025-03-15,2027-11-30,Zydus Healthcare,19982.2
MED0782,Amoxicillin 500mg,Vitamin,Cipla TN,B96488,69,898,150,2025-03-15,2027-11-30,Cipla TN,61962
MED0783,Pantoprazole 40mg,Antibiotic,Reddy Laboratories,B38022,25.27,75,150,2025-03-15,2027-11-30,Reddy Laboratories,1895.25
MED0784,Metformin 500mg,Antibiotic,Abbott India,B80272,75.83,1881,150,2025-03-15,2027-11-30,Abbott India,142636.23
MED0785,Pantoprazole 40mg,Antacid,Micro Labs,B10794,142.77,1053,150,2025-03-15,2027-11-30,Micro Labs,150336.81
MED0786,Amoxicillin 500mg,Anti-inflammatory,SunPharma Ltd,B16795,215.32,1579,150,2025-03-15,2027-11-30,SunPharma Ltd,339990.28
MED0787,Metformin 500mg,Antihistamine,Micro Labs,B36328,222.48,1121,150,2025-03-15,2027-11-30,Micro Labs,249400.08
MED0788,Cefixime 200mg,Vitamin,Zydus Healthcare,B46389,145.14,97,150,2025-03-15,2027-11-30,Zydus Healthcare,14078.58
MED0789,Metformin 500mg,Antacid,Cipla TN,B89687,224.71,1240,150,2025-03-15,2027-11-30,Cipla TN,278640.4
MED0790,Vitamin D3 Capsule,Antihistamine,SunPharma Ltd,B58671,249.48,1153,150,2025-03-15,2027-11-30,SunPharma Ltd,287650.44
MED0791,Metformin 500mg,Antibiotic,Reddy Laboratories,B70874,196.01,1983,150,2025-03-15,2027-11-30,Reddy Laboratories,388687.83
MED0792,Vitamin D3 Capsule,Anti-inflammatory,Abbott India,B80400,224.61,880,150,2025-03-15,2027-11-30,Abbott India,197656.8
MED0793,Pantoprazole 40mg,Antacid,Reddy Laboratories,B44626,17.98,944,150,2025-03-15,2027-11-30,Reddy Laboratories,16973.12
MED0794,Metformin 500mg,Antibiotic,Micro Labs,B74414,78.3,1467,150,2025-03-15,2027-11-30,Micro Labs,114866.1
MED0795,Paracetamol 650mg,Antidiabetic,Cipla TN,B50459,107.67,1999,150,2025-03-15,2027-11-30,Cipla TN,215232.33
MED0796,Diclofenac 50mg,Antacid,SunPharma Ltd,B88405,74.72,414,150,2025-03-15,2027-11-30,SunPharma Ltd,30934.08
MED0797,Cetirizine Syrup,Vitamin,Zydus Healthcare,B11898,50.07,399,150,2025-03-15,2027-11-30,Zydus Healthcare,19977.93
MED0798,Ranitidine 150mg,Anti-inflammatory,Abbott India,B68654,183.64,1785,150,2025-03-15,2027-11-30,Abbott India,327797.4
MED0799,Diclofenac 50mg,Vitamin,Reddy Laboratories,B58554,129.39,1160,150,2025-03-15,2027-11-30,Reddy Laboratories,150092.4
MED0800,Diclofenac 50mg,Antihistamine,Abbott India,B56814,72.56,885,150,2025-03-15,2027-11-30,Abbott India,64215.6
MED0801,Paracetamol 650mg,Antihistamine,Cipla TN,B88871,135.04,266,150,2025-03-15,2027-11-30,Cipla TN,35920.64
MED0802,Azithromycin 500mg,Antihistamine,Micro Labs,B53056,225.59,199,150,2025-03-15,2027-11-30,Micro Labs,44892.41
MED0803,Amoxicillin 500mg,Antacid,Cipla TN,B81600,176.73,515,150,2025-03-15,2027-11-30,Cipla TN,91015.95
MED0804,Cetirizine Syrup,Antibiotic,Abbott India,B98373,172.74,1195,150,2025-03-15,2027-11-30,Abbott India,206424.3
MED0805,Cetirizine Syrup,Antihistamine,Cipla TN,B67148,96.18,1667,150,2025-03-15,2027-11-30,Cipla TN,160332.06
MED0806,Telmisartan 40mg,Antidiabetic,Micro Labs,B42924,5.82,440,150,2025-03-15,2027-11-30,Micro Labs,2560.8
MED0807,Pantoprazole 40mg,Cardiovascular,SunPharma Ltd,B84501,121.73,607,150,2025-03-15,2027-11-30,SunPharma Ltd,73890.11
MED0808,Atorvastatin 10mg,Cardiovascular,Micro Labs,B93489,217.64,1381,150,2025-03-15,2027-11-30,Micro Labs,300560.84
MED0809,Pantoprazole 40mg,Cardiovascular,Abbott India,B72309,86.17,840,150,2025-03-15,2027-11-30,Abbott India,72382.8
MED0810,Atorvastatin 10mg,Cardiovascular,Micro Labs,B33091,238.62,1423,150,2025-03-15,2027-11-30,Micro Labs,339556.26
MED0811,Paracetamol 650mg,Analgesic,SunPharma Ltd,B83839,28.52,613,150,2025-03-15,2027-11-30,SunPharma Ltd,17482.76
MED0812,Atorvastatin 10mg,Cardiovascular,Zydus Healthcare,B88330,206.73,1083,150,2025-03-15,2027-11-30,Zydus Healthcare,223888.59
MED0813,Cefixime 200mg,Antacid,Abbott India,B58643,46.64,984,150,2025-03-15,2027-11-30,Abbott India,45893.76
MED0814,Diclofenac 50mg,Vitamin,Micro Labs,B73389,54.91,1567,150,2025-03-15,2027-11-30,Micro Labs,86043.97
MED0815,Cefixime 200mg,Antidiabetic,Micro Labs,B42337,172.79,1446,150,2025-03-15,2027-11-30,Micro Labs,249854.34
MED0816,Atorvastatin 10mg,Antibiotic,Zydus Healthcare,B22965,244.57,677,150,2025-03-15,2027-11-30,Zydus Healthcare,165573.89
MED0817,Diclofenac 50mg,Cardiovascular,Zydus Healthcare,B17135,154.58,1583,150,2025-03-15,2027-11-30,Zydus Healthcare,244700.14
MED0818,Cefixime 200mg,Antacid,Cipla TN,B49884,103.44,1920,150,2025-03-15,2027-11-30,Cipla TN,198604.8
MED0819,Pantoprazole 40mg,Vitamin,Abbott India,B62214,127.41,181,150,2025-03-15,2027-11-30,Abbott India,23061.21
MED0820,Metformin 500mg,Antibiotic,Cipla TN,B27428,85.65,1507,150,2025-03-15,2027-11-30,Cipla TN,129074.55
MED0821,Cetirizine Syrup,Cardiovascular,Abbott India,B75107,241.29,222,150,2025-03-15,2027-11-30,Abbott India,53566.38
MED0822,Vitamin D3 Capsule,Antacid,Reddy Laboratories,B44782,119.61,595,150,2025-03-15,2027-11-30,Reddy Laboratories,71167.95
MED0823,Diclofenac 50mg,Cardiovascular,Abbott India,B60486,124.22,404,150,2025-03-15,2027-11-30,Abbott India,50184.88
MED0824,Metformin 500mg,Analgesic,SunPharma Ltd,B26396,96.56,179,150,2025-03-15,2027-11-30,SunPharma Ltd,17284.24
MED0825,Telmisartan 40mg,Antidiabetic,Zydus Healthcare,B32614,24.65,300,150,2025-03-15,2027-11-30,Zydus Healthcare,7395
MED0826,Cetirizine Syrup,Analgesic,Abbott India,B90067,92.79,469,150,2025-03-15,2027-11-30,Abbott India,43518.51
MED0827,Metformin 500mg,Anti-inflammatory,SunPharma Ltd,B21629,125.98,1095,150,2025-03-15,2027-11-30,SunPharma Ltd,137948.1
MED0828,Telmisartan 40mg,Cardiovascular,Reddy Laboratories,B43469,82.22,1237,150,2025-03-15,2027-11-30,Reddy Laboratories,101706.14
MED0829,Metformin 500mg,Analgesic,Abbott India,B53406,76.44,485,150,2025-03-15,2027-11-30,Abbott India,37073.4
MED0830,Azithromycin 500mg,Anti-inflammatory,Micro Labs,B83654,29.58,1864,150,2025-03-15,2027-11-30,Micro Labs,55137.12
MED0831,Amoxicillin 500mg,Vitamin,Cipla TN,B84070,207.7,1708,150,2025-03-15,2027-11-30,Cipla TN,354751.6
MED0832,Vitamin D3 Capsule,Vitamin,Cipla TN,B15334,149.31,1630,150,2025-03-15,2027-11-30,Cipla TN,243375.3
MED0833,Ranitidine 150mg,Antihistamine,SunPharma Ltd,B75480,157.18,34,150,2025-03-15,2027-11-30,SunPharma Ltd,5344.12
MED0834,Cetirizine Syrup,Analgesic,Micro Labs,B85507,141.53,675,150,2025-03-15,2027-11-30,Micro Labs,95532.75
MED0835,Pantoprazole 40mg,Anti-inflammatory,Reddy Laboratories,B57782,194.96,1844,150,2025-03-15,2027-11-30,Reddy Laboratories,359506.24
MED0836,Ranitidine 150mg,Antacid,SunPharma Ltd,B86197,19.8,102,150,2025-03-15,2027-11-30,SunPharma Ltd,2019.6
MED0837,Azithromycin 500mg,Antihistamine,Abbott India,B74994,77.26,70,150,2025-03-15,2027-11-30,Abbott India,5408.2
MED0838,Cefixime 200mg,Antidiabetic,Micro Labs,B25316,236.89,812,150,2025-03-15,2027-11-30,Micro Labs,192354.68
MED0839,Paracetamol 650mg,Cardiovascular,SunPharma Ltd,B84922,63.36,136,150,2025-03-15,2027-11-30,SunPharma Ltd,8616.96
MED0840,Pantoprazole 40mg,Antibiotic,Zydus Healthcare,B63749,134.4,1272,150,2025-03-15,2027-11-30,Zydus Healthcare,170956.8
MED0841,Pantoprazole 40mg,Vitamin,Abbott India,B90535,248.96,1029,150,2025-03-15,2027-11-30,Abbott India,256179.84
MED0842,Metformin 500mg,Antibiotic,Reddy Laboratories,B63014,195,905,150,2025-03-15,2027-11-30,Reddy Laboratories,176475
MED0843,Amoxicillin 500mg,Cardiovascular,Micro Labs,B60423,160,1300,150,2025-03-15,2027-11-30,Micro Labs,208000
MED0844,Vitamin D3 Capsule,Antacid,SunPharma Ltd,B24075,100.04,865,150,2025-03-15,2027-11-30,SunPharma Ltd,86534.6
MED0845,Cefixime 200mg,Antibiotic,Abbott India,B10605,233.35,480,150,2025-03-15,2027-11-30,Abbott India,112008
MED0846,Azithromycin 500mg,Cardiovascular,Reddy Laboratories,B59101,138.23,1299,150,2025-03-15,2027-11-30,Reddy Laboratories,179560.77
MED0847,Cefixime 200mg,Antidiabetic,Micro Labs,B74658,16.94,666,150,2025-03-15,2027-11-30,Micro Labs,11282.04
MED0848,Cefixime 200mg,Antihistamine,Reddy Laboratories,B56402,144.3,1908,150,2025-03-15,2027-11-30,Reddy Laboratories,275324.4
MED0849,Metformin 500mg,Antacid,Zydus Healthcare,B56993,111.83,1729,150,2025-03-15,2027-11-30,Zydus Healthcare,193354.07
MED0850,Cetirizine Syrup,Antidiabetic,Micro Labs,B25468,101.13,784,150,2025-03-15,2027-11-30,Micro Labs,79285.92
MED0851,Azithromycin 500mg,Antihistamine,Reddy Laboratories,B26722,40.07,188,150,2025-03-15,2027-11-30,Reddy Laboratories,7533.16
MED0852,Cefixime 200mg,Antidiabetic,Cipla TN,B38270,238.91,189,150,2025-03-15,2027-11-30,Cipla TN,45153.99
MED0853,Ranitidine 150mg,Antacid,Reddy Laboratories,B86827,56.22,352,150,2025-03-15,2027-11-30,Reddy Laboratories,19789.44
MED0854,Metformin 500mg,Antidiabetic,Reddy Laboratories,B45241,177.26,660,150,2025-03-15,2027-11-30,Reddy Laboratories,116991.6
MED0855,Metformin 500mg,Antihistamine,Zydus Healthcare,B67450,156.98,1954,150,2025-03-15,2027-11-30,Zydus Healthcare,306738.92
MED0856,Azithromycin 500mg,Vitamin,Abbott India,B16511,111.33,548,150,2025-03-15,2027-11-30,Abbott India,61008.84
MED0857,Vitamin D3 Capsule,Antibiotic,Zydus Healthcare,B95330,123.97,1512,150,2025-03-15,2027-11-30,Zydus Healthcare,187442.64
MED0858,Cefixime 200mg,Anti-inflammatory,SunPharma Ltd,B23950,192.48,549,150,2025-03-15,2027-11-30,SunPharma Ltd,105671.52
MED0859,Diclofenac 50mg,Cardiovascular,Cipla TN,B13534,207.27,1509,150,2025-03-15,2027-11-30,Cipla TN,312770.43
MED0860,Amoxicillin 500mg,Antihistamine,Cipla TN,B66310,16.57,850,150,2025-03-15,2027-11-30,Cipla TN,14084.5
MED0861,Cefixime 200mg,Antacid,Cipla TN,B71572,208.2,1087,150,2025-03-15,2027-11-30,Cipla TN,226313.4
MED0862,Diclofenac 50mg,Vitamin,Zydus Healthcare,B82807,159.01,1608,150,2025-03-15,2027-11-30,Zydus Healthcare,255688.08
MED0863,Metformin 500mg,Antacid,Reddy Laboratories,B59781,130.87,1854,150,2025-03-15,2027-11-30,Reddy Laboratories,242632.98
MED0864,Amoxicillin 500mg,Vitamin,SunPharma Ltd,B63283,26.47,605,150,2025-03-15,2027-11-30,SunPharma Ltd,16014.35
MED0865,Amoxicillin 500mg,Vitamin,Abbott India,B18203,218.21,1451,150,2025-03-15,2027-11-30,Abbott India,316622.71
MED0866,Atorvastatin 10mg,Antihistamine,Reddy Laboratories,B27340,178.89,1606,150,2025-03-15,2027-11-30,Reddy Laboratories,287297.34
MED0867,Paracetamol 650mg,Antidiabetic,Cipla TN,B44723,58.47,926,150,2025-03-15,2027-11-30,Cipla TN,54143.22
MED0868,Amoxicillin 500mg,Antacid,Zydus Healthcare,B61955,158.4,620,150,2025-03-15,2027-11-30,Zydus Healthcare,98208
MED0869,Ranitidine 150mg,Antihistamine,Cipla TN,B45794,104.21,1162,150,2025-03-15,2027-11-30,Cipla TN,121092.02
MED0870,Pantoprazole 40mg,Antacid,SunPharma Ltd,B68990,206.06,976,150,2025-03-15,2027-11-30,SunPharma Ltd,201114.56
MED0871,Cefixime 200mg,Antidiabetic,SunPharma Ltd,B97746,185.71,1837,150,2025-03-15,2027-11-30,SunPharma Ltd,341149.27
MED0872,Atorvastatin 10mg,Antihistamine,Zydus Healthcare,B90373,172.61,1553,150,2025-03-15,2027-11-30,Zydus Healthcare,268063.33
MED0873,Atorvastatin 10mg,Antibiotic,Cipla TN,B24099,247.87,1718,150,2025-03-15,2027-11-30,Cipla TN,425840.66
MED0874,Telmisartan 40mg,Anti-inflammatory,Reddy Laboratories,B84675,174.69,1687,150,2025-03-15,2027-11-30,Reddy Laboratories,294702.03
MED0875,Azithromycin 500mg,Antidiabetic,Zydus Healthcare,B88735,112.91,1022,150,2025-03-15,2027-11-30,Zydus Healthcare,115394.02
MED0876,Paracetamol 650mg,Analgesic,Abbott India,B22281,36.37,1268,150,2025-03-15,2027-11-30,Abbott India,46117.16
MED0877,Paracetamol 650mg,Antacid,SunPharma Ltd,B36111,210.38,542,150,2025-03-15,2027-11-30,SunPharma Ltd,114025.96
MED0878,Atorvastatin 10mg,Antibiotic,Micro Labs,B50916,242.88,438,150,2025-03-15,2027-11-30,Micro Labs,106381.44
MED0879,Ranitidine 150mg,Vitamin,Abbott India,B86167,157.85,1681,150,2025-03-15,2027-11-30,Abbott India,265345.85
MED0880,Cetirizine Syrup,Antacid,Cipla TN,B15094,153.08,1160,150,2025-03-15,2027-11-30,Cipla TN,177572.8
MED0881,Cefixime 200mg,Analgesic,Reddy Laboratories,B46131,9.94,1344,150,2025-03-15,2027-11-30,Reddy Laboratories,13359.36
MED0882,Telmisartan 40mg,Antacid,Zydus Healthcare,B37961,135.78,45,150,2025-03-15,2027-11-30,Zydus Healthcare,6110.1
MED0883,Pantoprazole 40mg,Antibiotic,Abbott India,B60509,109.33,590,150,2025-03-15,2027-11-30,Abbott India,64504.7
MED0884,Atorvastatin 10mg,Anti-inflammatory,Abbott India,B50059,172.54,160,150,2025-03-15,2027-11-30,Abbott India,27606.4
MED0885,Pantoprazole 40mg,Analgesic,Reddy Laboratories,B91462,19.17,1380,150,2025-03-15,2027-11-30,Reddy Laboratories,26454.6
MED0886,Atorvastatin 10mg,Analgesic,Reddy Laboratories,B87530,133.27,1954,150,2025-03-15,2027-11-30,Reddy Laboratories,260409.58
MED0887,Atorvastatin 10mg,Antacid,Micro Labs,B43025,50.21,288,150,2025-03-15,2027-11-30,Micro Labs,14460.48
MED0888,Azithromycin 500mg,Anti-inflammatory,Reddy Laboratories,B23589,131.2,1610,150,2025-03-15,2027-11-30,Reddy Laboratories,211232
MED0889,Paracetamol 650mg,Cardiovascular,Reddy Laboratories,B82370,178.84,1488,150,2025-03-15,2027-11-30,Reddy Laboratories,266113.92
MED0890,Paracetamol 650mg,Antibiotic,Cipla TN,B99471,38.3,1226,150,2025-03-15,2027-11-30,Cipla TN,46955.8
MED0891,Vitamin D3 Capsule,Vitamin,SunPharma Ltd,B76186,243.18,53,150,2025-03-15,2027-11-30,SunPharma Ltd,12888.54
MED0892,Paracetamol 650mg,Antihistamine,SunPharma Ltd,B88655,172.54,1253,150,2025-03-15,2027-11-30,SunPharma Ltd,216192.62
MED0893,Paracetamol 650mg,Antibiotic,Reddy Laboratories,B62191,99.43,1903,150,2025-03-15,2027-11-30,Reddy Laboratories,189215.29
MED0894,Diclofenac 50mg,Anti-inflammatory,Cipla TN,B25802,31.33,1274,150,2025-03-15,2027-11-30,Cipla TN,39914.42
MED0895,Atorvastatin 10mg,Anti-inflammatory,Micro Labs,B76945,143.37,1318,150,2025-03-15,2027-11-30,Micro Labs,188961.66
MED0896,Diclofenac 50mg,Antibiotic,Zydus Healthcare,B53871,58.04,547,150,2025-03-15,2027-11-30,Zydus Healthcare,31747.88
MED0897,Atorvastatin 10mg,Cardiovascular,Zydus Healthcare,B39495,73.15,329,150,2025-03-15,2027-11-30,Zydus Healthcare,24066.35
MED0898,Amoxicillin 500mg,Cardiovascular,Micro Labs,B21263,20.2,325,150,2025-03-15,2027-11-30,Micro Labs,6565
MED0899,Diclofenac 50mg,Cardiovascular,SunPharma Ltd,B51128,79.68,1050,150,2025-03-15,2027-11-30,SunPharma Ltd,83664
MED0900,Metformin 500mg,Vitamin,Zydus Healthcare,B65883,145.26,974,150,2025-03-15,2027-11-30,Zydus Healthcare,141483.24
MED0901,Paracetamol 650mg,Antacid,Abbott India,B82089,61.16,732,150,2025-03-15,2027-11-30,Abbott India,44769.12
MED0902,Metformin 500mg,Antacid,Abbott India,B84674,23.41,1218,150,2025-03-15,2027-11-30,Abbott India,28513.38
MED0903,Vitamin D3 Capsule,Antacid,Cipla TN,B48639,76.89,419,150,2025-03-15,2027-11-30,Cipla TN,32216.91
MED0904,Metformin 500mg,Analgesic,Zydus Healthcare,B27674,107.9,853,150,2025-03-15,2027-11-30,Zydus Healthcare,92038.7
MED0905,Atorvastatin 10mg,Antihistamine,Abbott India,B92306,125.86,1137,150,2025-03-15,2027-11-30,Abbott India,143102.82
MED0906,Vitamin D3 Capsule,Antacid,Abbott India,B73948,106.15,1961,150,2025-03-15,2027-11-30,Abbott India,208160.15
MED0907,Paracetamol 650mg,Antidiabetic,Abbott India,B44070,86.56,1122,150,2025-03-15,2027-11-30,Abbott India,97120.32
MED0908,Vitamin D3 Capsule,Antibiotic,Micro Labs,B24876,21.43,1898,150,2025-03-15,2027-11-30,Micro Labs,40674.14
MED0909,Ranitidine 150mg,Vitamin,Zydus Healthcare,B33051,187.46,791,150,2025-03-15,2027-11-30,Zydus Healthcare,148280.86
MED0910,Pantoprazole 40mg,Antacid,Zydus Healthcare,B37653,15.38,1078,150,2025-03-15,2027-11-30,Zydus Healthcare,16579.64
MED0911,Ranitidine 150mg,Analgesic,Reddy Laboratories,B64840,216.76,1947,150,2025-03-15,2027-11-30,Reddy Laboratories,422031.72
MED0912,Amoxicillin 500mg,Cardiovascular,Reddy Laboratories,B20070,80.56,813,150,2025-03-15,2027-11-30,Reddy Laboratories,65495.28
MED0913,Diclofenac 50mg,Cardiovascular,Zydus Healthcare,B10797,117.31,1326,150,2025-03-15,2027-11-30,Zydus Healthcare,155553.06
MED0914,Cefixime 200mg,Antidiabetic,Reddy Laboratories,B22669,176.96,625,150,2025-03-15,2027-11-30,Reddy Laboratories,110600
MED0915,Pantoprazole 40mg,Antidiabetic,Zydus Healthcare,B65566,20.26,1082,150,2025-03-15,2027-11-30,Zydus Healthcare,21921.32
MED0916,Vitamin D3 Capsule,Anti-inflammatory,Reddy Laboratories,B15289,175.48,1858,150,2025-03-15,2027-11-30,Reddy Laboratories,326041.84
MED0917,Ranitidine 150mg,Antacid,Micro Labs,B66964,153.62,1144,150,2025-03-15,2027-11-30,Micro Labs,175741.28
MED0918,Cefixime 200mg,Analgesic,Zydus Healthcare,B79560,81.03,1010,150,2025-03-15,2027-11-30,Zydus Healthcare,81840.3
MED0919,Diclofenac 50mg,Antibiotic,Abbott India,B15877,20.46,332,150,2025-03-15,2027-11-30,Abbott India,6792.72
MED0920,Atorvastatin 10mg,Anti-inflammatory,Zydus Healthcare,B39684,246.04,378,150,2025-03-15,2027-11-30,Zydus Healthcare,93003.12
MED0921,Azithromycin 500mg,Antidiabetic,Zydus Healthcare,B79447,47.59,1161,150,2025-03-15,2027-11-30,Zydus Healthcare,55251.99
MED0922,Amoxicillin 500mg,Antacid,Reddy Laboratories,B67203,25.25,1637,150,2025-03-15,2027-11-30,Reddy Laboratories,41334.25
MED0923,Ranitidine 150mg,Vitamin,Cipla TN,B34992,223.75,1408,150,2025-03-15,2027-11-30,Cipla TN,315040
MED0924,Diclofenac 50mg,Anti-inflammatory,Reddy Laboratories,B52706,160.09,208,150,2025-03-15,2027-11-30,Reddy Laboratories,33298.72
MED0925,Telmisartan 40mg,Antihistamine,Zydus Healthcare,B14490,95.29,1262,150,2025-03-15,2027-11-30,Zydus Healthcare,120255.98
MED0926,Amoxicillin 500mg,Cardiovascular,Cipla TN,B19903,155.32,497,150,2025-03-15,2027-11-30,Cipla TN,77194.04
MED0927,Cetirizine Syrup,Antidiabetic,Abbott India,B92976,133.76,398,150,2025-03-15,2027-11-30,Abbott India,53236.48
MED0928,Amoxicillin 500mg,Antidiabetic,Cipla TN,B13498,56.04,1693,150,2025-03-15,2027-11-30,Cipla TN,94875.72
MED0929,Azithromycin 500mg,Cardiovascular,Abbott India,B91438,41.65,1317,150,2025-03-15,2027-11-30,Abbott India,54853.05
MED0930,Cefixime 200mg,Vitamin,Reddy Laboratories,B56721,10.67,690,150,2025-03-15,2027-11-30,Reddy Laboratories,7362.3
MED0931,Vitamin D3 Capsule,Antihistamine,Cipla TN,B74533,169.02,154,150,2025-03-15,2027-11-30,Cipla TN,26029.08
MED0932,Pantoprazole 40mg,Antacid,Abbott India,B33583,62.41,1468,150,2025-03-15,2027-11-30,Abbott India,91617.88
MED0933,Ranitidine 150mg,Anti-inflammatory,Abbott India,B34312,207.13,376,150,2025-03-15,2027-11-30,Abbott India,77880.88
MED0934,Azithromycin 500mg,Vitamin,SunPharma Ltd,B53997,60.17,1498,150,2025-03-15,2027-11-30,SunPharma Ltd,90134.66
MED0935,Cefixime 200mg,Antibiotic,Micro Labs,B57351,30.84,820,150,2025-03-15,2027-11-30,Micro Labs,25288.8
MED0936,Cefixime 200mg,Antihistamine,Micro Labs,B45386,134.52,1670,150,2025-03-15,2027-11-30,Micro Labs,224648.4
MED0937,Atorvastatin 10mg,Antacid,Reddy Laboratories,B35286,217.59,684,150,2025-03-15,2027-11-30,Reddy Laboratories,148831.56
MED0938,Paracetamol 650mg,Vitamin,Reddy Laboratories,B97995,151.52,1578,150,2025-03-15,2027-11-30,Reddy Laboratories,239098.56
MED0939,Cefixime 200mg,Antihistamine,Abbott India,B77187,80.83,1798,150,2025-03-15,2027-11-30,Abbott India,145332.34
MED0940,Azithromycin 500mg,Antibiotic,Zydus Healthcare,B28394,189.88,554,150,2025-03-15,2027-11-30,Zydus Healthcare,105193.52
MED0941,Atorvastatin 10mg,Antibiotic,Zydus Healthcare,B71338,34.79,1691,150,2025-03-15,2027-11-30,Zydus Healthcare,58829.89
MED0942,Metformin 500mg,Antihistamine,Cipla TN,B81445,205.24,1403,150,2025-03-15,2027-11-30,Cipla TN,287951.72
MED0943,Pantoprazole 40mg,Antacid,Zydus Healthcare,B39136,22.16,870,150,2025-03-15,2027-11-30,Zydus Healthcare,19279.2
MED0944,Diclofenac 50mg,Antacid,Zydus Healthcare,B30191,63.32,612,150,2025-03-15,2027-11-30,Zydus Healthcare,38751.84
MED0945,Azithromycin 500mg,Antibiotic,Micro Labs,B94114,80.31,403,150,2025-03-15,2027-11-30,Micro Labs,32364.93
MED0946,Cefixime 200mg,Antacid,Micro Labs,B75196,232.21,223,150,2025-03-15,2027-11-30,Micro Labs,51782.83
MED0947,Diclofenac 50mg,Anti-inflammatory,Cipla TN,B80921,234.75,555,150,2025-03-15,2027-11-30,Cipla TN,130286.25
MED0948,Amoxicillin 500mg,Anti-inflammatory,Abbott India,B77966,202.96,411,150,2025-03-15,2027-11-30,Abbott India,83416.56
MED0949,Diclofenac 50mg,Analgesic,Zydus Healthcare,B84843,59.27,903,150,2025-03-15,2027-11-30,Zydus Healthcare,53520.81
MED0950,Pantoprazole 40mg,Analgesic,Zydus Healthcare,B76935,155.79,1680,150,2025-03-15,2027-11-30,Zydus Healthcare,261727.2
MED0951,Atorvastatin 10mg,Antihistamine,Zydus Healthcare,B42286,153.16,677,150,2025-03-15,2027-11-30,Zydus Healthcare,103689.32
MED0952,Ranitidine 150mg,Cardiovascular,SunPharma Ltd,B88986,232.18,1921,150,2025-03-15,2027-11-30,SunPharma Ltd,446017.78
MED0953,Vitamin D3 Capsule,Antibiotic,Reddy Laboratories,B82988,85.77,710,150,2025-03-15,2027-11-30,Reddy Laboratories,60896.7
MED0954,Ranitidine 150mg,Antidiabetic,Micro Labs,B57510,104.16,915,150,2025-03-15,2027-11-30,Micro Labs,95306.4
MED0955,Vitamin D3 Capsule,Vitamin,Abbott India,B69977,39.79,290,150,2025-03-15,2027-11-30,Abbott India,11539.1
MED0956,Metformin 500mg,Antihistamine,Reddy Laboratories,B33074,11.69,289,150,2025-03-15,2027-11-30,Reddy Laboratories,3378.41
MED0957,Metformin 500mg,Antibiotic,SunPharma Ltd,B52674,191.58,46,150,2025-03-15,2027-11-30,SunPharma Ltd,8812.68
MED0958,Telmisartan 40mg,Antihistamine,SunPharma Ltd,B35236,108.03,264,150,2025-03-15,2027-11-30,SunPharma Ltd,28519.92
MED0959,Pantoprazole 40mg,Antacid,Abbott India,B62822,153.45,1493,150,2025-03-15,2027-11-30,Abbott India,229100.85
MED0960,Pantoprazole 40mg,Anti-inflammatory,SunPharma Ltd,B51813,178.64,427,150,2025-03-15,2027-11-30,SunPharma Ltd,76279.28
MED0961,Telmisartan 40mg,Cardiovascular,Reddy Laboratories,B24783,132.48,369,150,2025-03-15,2027-11-30,Reddy Laboratories,48885.12
MED0962,Diclofenac 50mg,Antacid,Zydus Healthcare,B49970,180.73,507,150,2025-03-15,2027-11-30,Zydus Healthcare,91630.11
MED0963,Ranitidine 150mg,Antacid,SunPharma Ltd,B27139,84.27,1040,150,2025-03-15,2027-11-30,SunPharma Ltd,87640.8
MED0964,Azithromycin 500mg,Antacid,Zydus Healthcare,B79134,5.88,649,150,2025-03-15,2027-11-30,Zydus Healthcare,3816.12
MED0965,Paracetamol 650mg,Vitamin,SunPharma Ltd,B54874,156.03,924,150,2025-03-15,2027-11-30,SunPharma Ltd,144171.72
MED0966,Pantoprazole 40mg,Anti-inflammatory,Micro Labs,B86345,225.17,1062,150,2025-03-15,2027-11-30,Micro Labs,239130.54
MED0967,Cefixime 200mg,Anti-inflammatory,Zydus Healthcare,B70464,154.22,1458,150,2025-03-15,2027-11-30,Zydus Healthcare,224852.76
MED0968,Cefixime 200mg,Vitamin,Reddy Laboratories,B81102,168.63,627,150,2025-03-15,2027-11-30,Reddy Laboratories,105731.01
MED0969,Cefixime 200mg,Antibiotic,SunPharma Ltd,B31716,190.74,366,150,2025-03-15,2027-11-30,SunPharma Ltd,69810.84
MED0970,Telmisartan 40mg,Vitamin,SunPharma Ltd,B68504,55.16,1867,150,2025-03-15,2027-11-30,SunPharma Ltd,102983.72
MED0971,Ranitidine 150mg,Antacid,Micro Labs,B66936,20.43,987,150,2025-03-15,2027-11-30,Micro Labs,20164.41
MED0972,Azithromycin 500mg,Antibiotic,SunPharma Ltd,B26110,32.63,1893,150,2025-03-15,2027-11-30,SunPharma Ltd,61768.59
MED0973,Cetirizine Syrup,Antihistamine,Micro Labs,B36885,151.85,905,150,2025-03-15,2027-11-30,Micro Labs,137424.25
MED0974,Ranitidine 150mg,Analgesic,Abbott India,B39622,207.49,1049,150,2025-03-15,2027-11-30,Abbott India,217657.01
MED0975,Atorvastatin 10mg,Antidiabetic,Zydus Healthcare,B81637,115.72,1877,150,2025-03-15,2027-11-30,Zydus Healthcare,217206.44
MED0976,Diclofenac 50mg,Antihistamine,Zydus Healthcare,B80259,213.11,589,150,2025-03-15,2027-11-30,Zydus Healthcare,125521.79
MED0977,Ranitidine 150mg,Cardiovascular,Micro Labs,B92979,35.95,1738,150,2025-03-15,2027-11-30,Micro Labs,62481.1
MED0978,Atorvastatin 10mg,Antihistamine,SunPharma Ltd,B88271,6.67,1229,150,2025-03-15,2027-11-30,SunPharma Ltd,8197.43
MED0979,Amoxicillin 500mg,Vitamin,Abbott India,B86159,214.79,484,150,2025-03-15,2027-11-30,Abbott India,103958.36
MED0980,Amoxicillin 500mg,Vitamin,Micro Labs,B77745,237.25,1838,150,2025-03-15,2027-11-30,Micro Labs,436065.5
MED0981,Pantoprazole 40mg,Anti-inflammatory,Zydus Healthcare,B87737,157.56,605,150,2025-03-15,2027-11-30,Zydus Healthcare,95323.8
MED0982,Azithromycin 500mg,Cardiovascular,Zydus Healthcare,B62362,230.4,1046,150,2025-03-15,2027-11-30,Zydus Healthcare,240998.4
MED0983,Cetirizine Syrup,Cardiovascular,Zydus Healthcare,B29335,21.25,1259,150,2025-03-15,2027-11-30,Zydus Healthcare,26753.75
MED0984,Telmisartan 40mg,Anti-inflammatory,Zydus Healthcare,B56095,210.52,1368,150,2025-03-15,2027-11-30,Zydus Healthcare,287991.36
MED0985,Telmisartan 40mg,Antidiabetic,Abbott India,B68153,56.72,1666,150,2025-03-15,2027-11-30,Abbott India,94495.52
MED0986,Vitamin D3 Capsule,Anti-inflammatory,Micro Labs,B62233,141.82,1809,150,2025-03-15,2027-11-30,Micro Labs,256552.38
MED0987,Diclofenac 50mg,Anti-inflammatory,Cipla TN,B63762,85.88,396,150,2025-03-15,2027-11-30,Cipla TN,34008.48
MED0988,Telmisartan 40mg,Cardiovascular,Abbott India,B76019,127.83,1579,150,2025-03-15,2027-11-30,Abbott India,201843.57
MED0989,Cetirizine Syrup,Antihistamine,Micro Labs,B48439,237.3,1546,150,2025-03-15,2027-11-30,Micro Labs,366865.8
MED0990,Azithromycin 500mg,Antidiabetic,Cipla TN,B51357,203.06,208,150,2025-03-15,2027-11-30,Cipla TN,42236.48
MED0991,Telmisartan 40mg,Antibiotic,Zydus Healthcare,B36727,140.19,1387,150,2025-03-15,2027-11-30,Zydus Healthcare,194443.53
MED0992,Cetirizine Syrup,Analgesic,Abbott India,B77957,22.01,1055,150,2025-03-15,2027-11-30,Abbott India,23220.55
MED0993,Diclofenac 50mg,Antidiabetic,Abbott India,B44572,119.8,1913,150,2025-03-15,2027-11-30,Abbott India,229177.4
MED0994,Cetirizine Syrup,Analgesic,Cipla TN,B29459,209.31,1365,150,2025-03-15,2027-11-30,Cipla TN,285708.15
MED0995,Cetirizine Syrup,Antacid,Abbott India,B35362,70.6,419,150,2025-03-15,2027-11-30,Abbott India,29581.4
MED0996,Ranitidine 150mg,Antihistamine,Cipla TN,B98611,57.38,1556,150,2025-03-15,2027-11-30,Cipla TN,89283.28
MED0997,Pantoprazole 40mg,Antihistamine,Cipla TN,B99359,23.27,117,150,2025-03-15,2027-11-30,Cipla TN,2722.59
MED0998,Pantoprazole 40mg,Antihistamine,Cipla TN,B23303,230.15,220,150,2025-03-15,2027-11-30,Cipla TN,50633
MED0999,Ranitidine 150mg,Antidiabetic,SunPharma Ltd,B41227,83.75,1277,150,2025-03-15,2027-11-30,SunPharma Ltd,106948.75
MED1000,Atorvastatin 10mg,Analgesic,Cipla TN,B10337,93.07,776,150,2025-03-15,2027-11-30,Cipla TN,72222.32
MED1001,Metformin 500mg,Antacid,Reddy Laboratories,B54388,14.63,365,150,2025-03-15,2027-11-30,Reddy Laboratories,5339.95
MED1002,Metformin 500mg,Analgesic,Zydus Healthcare,B71088,211.75,1588,150,2025-03-15,2027-11-30,Zydus Healthcare,336259
MED1003,Telmisartan 40mg,Anti-inflammatory,Micro Labs,B15379,112.37,1153,150,2025-03-15,2027-11-30,Micro Labs,129562.61
MED1004,Paracetamol 650mg,Anti-inflammatory,Reddy Laboratories,B38359,212.08,1589,150,2025-03-15,2027-11-30,Reddy Laboratories,336995.12
MED1005,Telmisartan 40mg,Antacid,Zydus Healthcare,B24133,82.91,387,150,2025-03-15,2027-11-30,Zydus Healthcare,32086.17
MED1006,Telmisartan 40mg,Antacid,Micro Labs,B94539,61.26,99,150,2025-03-15,2027-11-30,Micro Labs,6064.74
MED1007,Atorvastatin 10mg,Antacid,Cipla TN,B90375,150.9,510,150,2025-03-15,2027-11-30,Cipla TN,76959
MED1008,Diclofenac 50mg,Cardiovascular,Abbott India,B94293,75.98,1885,150,2025-03-15,2027-11-30,Abbott India,143222.3
MED1009,Diclofenac 50mg,Antacid,SunPharma Ltd,B91313,124.07,339,150,2025-03-15,2027-11-30,SunPharma Ltd,42059.73
MED1010,Amoxicillin 500mg,Antibiotic,Cipla TN,B33549,48.84,1056,150,2025-03-15,2027-11-30,Cipla TN,51575.04
MED1011,Telmisartan 40mg,Antibiotic,Micro Labs,B77967,215.24,335,150,2025-03-15,2027-11-30,Micro Labs,72105.4
MED1012,Diclofenac 50mg,Antihistamine,Reddy Laboratories,B35490,76.1,670,150,2025-03-15,2027-11-30,Reddy Laboratories,50987
MED1013,Diclofenac 50mg,Vitamin,Micro Labs,B93998,244.33,172,150,2025-03-15,2027-11-30,Micro Labs,42024.76
MED1014,Vitamin D3 Capsule,Cardiovascular,Zydus Healthcare,B19009,36.22,1966,150,2025-03-15,2027-11-30,Zydus Healthcare,71208.52
MED1015,Metformin 500mg,Anti-inflammatory,Cipla TN,B78861,48.76,40,150,2025-03-15,2027-11-30,Cipla TN,1950.4
MED1016,Atorvastatin 10mg,Antihistamine,SunPharma Ltd,B31198,86.69,1221,150,2025-03-15,2027-11-30,SunPharma Ltd,105848.49
MED1017,Metformin 500mg,Antihistamine,Abbott India,B65186,241.36,1764,150,2025-03-15,2027-11-30,Abbott India,425759.04
MED1018,Vitamin D3 Capsule,Vitamin,Cipla TN,B10761,198.03,326,150,2025-03-15,2027-11-30,Cipla TN,64557.78
MED1019,Vitamin D3 Capsule,Antihistamine,Micro Labs,B93853,104.43,26,150,2025-03-15,2027-11-30,Micro Labs,2715.18
MED1020,Amoxicillin 500mg,Antacid,Cipla TN,B79980,65.25,519,150,2025-03-15,2027-11-30,Cipla TN,33864.75
MED1021,Cefixime 200mg,Antacid,Zydus Healthcare,B49992,29.84,252,150,2025-03-15,2027-11-30,Zydus Healthcare,7519.68
MED1022,Azithromycin 500mg,Cardiovascular,Cipla TN,B79214,137.63,29,150,2025-03-15,2027-11-30,Cipla TN,3991.27
MED1023,Cetirizine Syrup,Antihistamine,Zydus Healthcare,B25958,113.14,959,150,2025-03-15,2027-11-30,Zydus Healthcare,108501.26
MED1024,Diclofenac 50mg,Antidiabetic,Reddy Laboratories,B59887,82,1396,150,2025-03-15,2027-11-30,Reddy Laboratories,114472
MED1025,Paracetamol 650mg,Antidiabetic,Micro Labs,B63570,151.07,1994,150,2025-03-15,2027-11-30,Micro Labs,301233.58
MED1026,Diclofenac 50mg,Antacid,Cipla TN,B10789,113.79,1394,150,2025-03-15,2027-11-30,Cipla TN,158623.26
MED1027,Pantoprazole 40mg,Anti-inflammatory,Abbott India,B10860,174.16,28,150,2025-03-15,2027-11-30,Abbott India,4876.48
MED1028,Atorvastatin 10mg,Anti-inflammatory,Reddy Laboratories,B31016,96.74,1780,150,2025-03-15,2027-11-30,Reddy Laboratories,172197.2
MED1029,Cefixime 200mg,Antidiabetic,SunPharma Ltd,B87702,52.18,614,150,2025-03-15,2027-11-30,SunPharma Ltd,32038.52
MED1030,Pantoprazole 40mg,Antibiotic,Cipla TN,B69736,25.98,1776,150,2025-03-15,2027-11-30,Cipla TN,46140.48
MED1031,Azithromycin 500mg,Antihistamine,SunPharma Ltd,B30494,241.6,23,150,2025-03-15,2027-11-30,SunPharma Ltd,5556.8
MED1032,Vitamin D3 Capsule,Analgesic,SunPharma Ltd,B37156,241.19,1180,150,2025-03-15,2027-11-30,SunPharma Ltd,284604.2
MED1033,Amoxicillin 500mg,Antihistamine,Reddy Laboratories,B15335,9.05,1222,150,2025-03-15,2027-11-30,Reddy Laboratories,11059.1
MED1034,Atorvastatin 10mg,Anti-inflammatory,Micro Labs,B30557,200.46,793,150,2025-03-15,2027-11-30,Micro Labs,158964.78
MED1035,Amoxicillin 500mg,Cardiovascular,Cipla TN,B82257,227.66,596,150,2025-03-15,2027-11-30,Cipla TN,135685.36
MED1036,Diclofenac 50mg,Antidiabetic,Zydus Healthcare,B43124,67.95,562,150,2025-03-15,2027-11-30,Zydus Healthcare,38187.9
MED1037,Azithromycin 500mg,Vitamin,Cipla TN,B11691,221.61,876,150,2025-03-15,2027-11-30,Cipla TN,194130.36
MED1038,Telmisartan 40mg,Antacid,Cipla TN,B49705,233.68,36,150,2025-03-15,2027-11-30,Cipla TN,8412.48
MED1039,Vitamin D3 Capsule,Antacid,Reddy Laboratories,B23771,236.2,576,150,2025-03-15,2027-11-30,Reddy Laboratories,136051.2
MED1040,Metformin 500mg,Antidiabetic,Reddy Laboratories,B30936,152.13,1070,150,2025-03-15,2027-11-30,Reddy Laboratories,162779.1
MED1041,Diclofenac 50mg,Antacid,Zydus Healthcare,B94488,91.03,96,150,2025-03-15,2027-11-30,Zydus Healthcare,8738.88
MED1042,Pantoprazole 40mg,Antacid,Abbott India,B80298,19.2,1008,150,2025-03-15,2027-11-30,Abbott India,19353.6
MED1043,Atorvastatin 10mg,Analgesic,Cipla TN,B80949,24.97,570,150,2025-03-15,2027-11-30,Cipla TN,14232.9
MED1044,Atorvastatin 10mg,Anti-inflammatory,Reddy Laboratories,B22029,107.17,720,150,2025-03-15,2027-11-30,Reddy Laboratories,77162.4
MED1045,Diclofenac 50mg,Antacid,Cipla TN,B69336,117.63,56,150,2025-03-15,2027-11-30,Cipla TN,6587.28
MED1046,Amoxicillin 500mg,Analgesic,SunPharma Ltd,B78882,243.21,124,150,2025-03-15,2027-11-30,SunPharma Ltd,30158.04
MED1047,Telmisartan 40mg,Anti-inflammatory,Cipla TN,B20535,50.27,905,150,2025-03-15,2027-11-30,Cipla TN,45494.35
MED1048,Metformin 500mg,Vitamin,SunPharma Ltd,B98640,133.06,776,150,2025-03-15,2027-11-30,SunPharma Ltd,103254.56
MED1049,Pantoprazole 40mg,Antibiotic,Zydus Healthcare,B78719,103.26,1908,150,2025-03-15,2027-11-30,Zydus Healthcare,197020.08
MED1050,Pantoprazole 40mg,Antibiotic,Reddy Laboratories,B94454,151.07,1172,150,2025-03-15,2027-11-30,Reddy Laboratories,177054.04
MED1051,Ranitidine 150mg,Analgesic,SunPharma Ltd,B59178,104.18,1626,150,2025-03-15,2027-11-30,SunPharma Ltd,169396.68
MED1052,Diclofenac 50mg,Anti-inflammatory,Cipla TN,B24184,122.15,1869,150,2025-03-15,2027-11-30,Cipla TN,228298.35
MED1053,Cefixime 200mg,Antidiabetic,Zydus Healthcare,B25674,129.71,896,150,2025-03-15,2027-11-30,Zydus Healthcare,116220.16
MED1054,Atorvastatin 10mg,Analgesic,Cipla TN,B84499,82.11,1775,150,2025-03-15,2027-11-30,Cipla TN,145745.25
MED1055,Pantoprazole 40mg,Cardiovascular,Zydus Healthcare,B67315,158.61,1916,150,2025-03-15,2027-11-30,Zydus Healthcare,303896.76
MED1056,Pantoprazole 40mg,Antidiabetic,Micro Labs,B86029,245.3,1622,150,2025-03-15,2027-11-30,Micro Labs,397876.6
MED1057,Azithromycin 500mg,Anti-inflammatory,SunPharma Ltd,B18065,25.75,873,150,2025-03-15,2027-11-30,SunPharma Ltd,22479.75
MED1058,Azithromycin 500mg,Vitamin,Reddy Laboratories,B95733,225.63,145,150,2025-03-15,2027-11-30,Reddy Laboratories,32716.35
MED1059,Atorvastatin 10mg,Vitamin,Abbott India,B19849,28.7,795,150,2025-03-15,2027-11-30,Abbott India,22816.5
MED1060,Atorvastatin 10mg,Vitamin,Reddy Laboratories,B55052,131.25,1143,150,2025-03-15,2027-11-30,Reddy Laboratories,150018.75
MED1061,Ranitidine 150mg,Anti-inflammatory,Micro Labs,B63164,88.76,1798,150,2025-03-15,2027-11-30,Micro Labs,159590.48
MED1062,Ranitidine 150mg,Vitamin,Abbott India,B85285,218.74,915,150,2025-03-15,2027-11-30,Abbott India,200147.1
MED1063,Atorvastatin 10mg,Antibiotic,Abbott India,B11706,48.35,394,150,2025-03-15,2027-11-30,Abbott India,19049.9
MED1064,Azithromycin 500mg,Antibiotic,Zydus Healthcare,B60627,234.66,873,150,2025-03-15,2027-11-30,Zydus Healthcare,204858.18
MED1065,Pantoprazole 40mg,Anti-inflammatory,Zydus Healthcare,B51221,115.88,1632,150,2025-03-15,2027-11-30,Zydus Healthcare,189116.16
MED1066,Azithromycin 500mg,Antibiotic,Micro Labs,B27021,183.81,640,150,2025-03-15,2027-11-30,Micro Labs,117638.4
MED1067,Vitamin D3 Capsule,Anti-inflammatory,Reddy Laboratories,B31526,141.33,1985,150,2025-03-15,2027-11-30,Reddy Laboratories,280540.05
MED1068,Azithromycin 500mg,Antibiotic,SunPharma Ltd,B30336,205.02,900,150,2025-03-15,2027-11-30,SunPharma Ltd,184518
MED1069,Cetirizine Syrup,Antidiabetic,SunPharma Ltd,B47952,186.95,955,150,2025-03-15,2027-11-30,SunPharma Ltd,178537.25
MED1070,Amoxicillin 500mg,Antacid,Micro Labs,B69966,228.29,1479,150,2025-03-15,2027-11-30,Micro Labs,337640.91
MED1071,Pantoprazole 40mg,Analgesic,SunPharma Ltd,B44261,217.14,1645,150,2025-03-15,2027-11-30,SunPharma Ltd,357195.3
MED1072,Pantoprazole 40mg,Antibiotic,Reddy Laboratories,B39825,62.68,1739,150,2025-03-15,2027-11-30,Reddy Laboratories,109000.52
MED1073,Paracetamol 650mg,Anti-inflammatory,Reddy Laboratories,B77083,38.51,1802,150,2025-03-15,2027-11-30,Reddy Laboratories,69395.02
MED1074,Ranitidine 150mg,Cardiovascular,Zydus Healthcare,B37279,49.67,452,150,2025-03-15,2027-11-30,Zydus Healthcare,22450.84
MED1075,Paracetamol 650mg,Antacid,Abbott India,B22795,234.6,1115,150,2025-03-15,2027-11-30,Abbott India,261579
MED1076,Ranitidine 150mg,Vitamin,Micro Labs,B94013,138.67,1152,150,2025-03-15,2027-11-30,Micro Labs,159747.84
MED1077,Diclofenac 50mg,Antihistamine,Reddy Laboratories,B94066,58.6,1257,150,2025-03-15,2027-11-30,Reddy Laboratories,73660.2
MED1078,Metformin 500mg,Vitamin,Zydus Healthcare,B54420,155.88,1954,150,2025-03-15,2027-11-30,Zydus Healthcare,304589.52
MED1079,Cefixime 200mg,Anti-inflammatory,SunPharma Ltd,B83699,125.08,758,150,2025-03-15,2027-11-30,SunPharma Ltd,94810.64
MED1080,Diclofenac 50mg,Cardiovascular,Reddy Laboratories,B23028,133.68,1443,150,2025-03-15,2027-11-30,Reddy Laboratories,192900.24
MED1081,Atorvastatin 10mg,Antihistamine,Cipla TN,B45212,35.83,980,150,2025-03-15,2027-11-30,Cipla TN,35113.4
MED1082,Pantoprazole 40mg,Analgesic,Cipla TN,B45375,198.39,190,150,2025-03-15,2027-11-30,Cipla TN,37694.1
MED1083,Atorvastatin 10mg,Analgesic,Zydus Healthcare,B78109,5.67,1255,150,2025-03-15,2027-11-30,Zydus Healthcare,7115.85
MED1084,Vitamin D3 Capsule,Cardiovascular,Cipla TN,B94343,119.62,1539,150,2025-03-15,2027-11-30,Cipla TN,184095.18
MED1085,Ranitidine 150mg,Antacid,Zydus Healthcare,B19109,130.28,1826,150,2025-03-15,2027-11-30,Zydus Healthcare,237891.28
MED1086,Ranitidine 150mg,Antacid,Micro Labs,B56408,212.11,1523,150,2025-03-15,2027-11-30,Micro Labs,323043.53
MED1087,Paracetamol 650mg,Antibiotic,Reddy Laboratories,B85623,247.64,440,150,2025-03-15,2027-11-30,Reddy Laboratories,108961.6
MED1088,Amoxicillin 500mg,Vitamin,SunPharma Ltd,B85578,213.28,49,150,2025-03-15,2027-11-30,SunPharma Ltd,10450.72
MED1089,Metformin 500mg,Antidiabetic,Micro Labs,B40241,148.14,453,150,2025-03-15,2027-11-30,Micro Labs,67107.42
MED1090,Telmisartan 40mg,Vitamin,Abbott India,B64520,165.33,709,150,2025-03-15,2027-11-30,Abbott India,117218.97
MED1091,Pantoprazole 40mg,Vitamin,Zydus Healthcare,B17582,40.54,531,150,2025-03-15,2027-11-30,Zydus Healthcare,21526.74
MED1092,Paracetamol 650mg,Antacid,Zydus Healthcare,B97488,105.77,118,150,2025-03-15,2027-11-30,Zydus Healthcare,12480.86
MED1093,Amoxicillin 500mg,Antidiabetic,Cipla TN,B57543,233.26,52,150,2025-03-15,2027-11-30,Cipla TN,12129.52
MED1094,Telmisartan 40mg,Antibiotic,Zydus Healthcare,B29569,191.33,1599,150,2025-03-15,2027-11-30,Zydus Healthcare,305936.67
MED1095,Pantoprazole 40mg,Anti-inflammatory,SunPharma Ltd,B69937,47.95,432,150,2025-03-15,2027-11-30,SunPharma Ltd,20714.4
MED1096,Paracetamol 650mg,Antihistamine,Micro Labs,B20376,130.19,738,150,2025-03-15,2027-11-30,Micro Labs,96080.22
MED1097,Metformin 500mg,Antacid,Cipla TN,B97350,109.75,1909,150,2025-03-15,2027-11-30,Cipla TN,209512.75
MED1098,Cetirizine Syrup,Antihistamine,Abbott India,B57609,94.42,198,150,2025-03-15,2027-11-30,Abbott India,18695.16
MED1099,Telmisartan 40mg,Analgesic,Micro Labs,B96462,127.84,1415,150,2025-03-15,2027-11-30,Micro Labs,180893.6
MED1100,Azithromycin 500mg,Antibiotic,Abbott India,B11283,53.1,146,150,2025-03-15,2027-11-30,Abbott India,7752.6
MED1101,Cetirizine Syrup,Cardiovascular,Micro Labs,B27949,22.28,1359,150,2025-03-15,2027-11-30,Micro Labs,30278.52
MED1102,Pantoprazole 40mg,Vitamin,SunPharma Ltd,B26832,64.81,1855,150,2025-03-15,2027-11-30,SunPharma Ltd,120222.55
MED1103,Telmisartan 40mg,Cardiovascular,Cipla TN,B98154,222.43,547,150,2025-03-15,2027-11-30,Cipla TN,121669.21
MED1104,Azithromycin 500mg,Anti-inflammatory,Abbott India,B77166,179.25,380,150,2025-03-15,2027-11-30,Abbott India,68115
MED1105,Ranitidine 150mg,Cardiovascular,SunPharma Ltd,B13901,164.94,474,150,2025-03-15,2027-11-30,SunPharma Ltd,78181.56
MED1106,Telmisartan 40mg,Antihistamine,Reddy Laboratories,B97597,117.18,248,150,2025-03-15,2027-11-30,Reddy Laboratories,29060.64
MED1107,Azithromycin 500mg,Antidiabetic,Zydus Healthcare,B68566,188.78,1075,150,2025-03-15,2027-11-30,Zydus Healthcare,202938.5
MED1108,Vitamin D3 Capsule,Analgesic,Abbott India,B24141,141.74,1189,150,2025-03-15,2027-11-30,Abbott India,168528.86
MED1109,Metformin 500mg,Cardiovascular,Zydus Healthcare,B58095,118.58,1968,150,2025-03-15,2027-11-30,Zydus Healthcare,233365.44
MED1110,Pantoprazole 40mg,Vitamin,Reddy Laboratories,B27747,222.43,1370,150,2025-03-15,2027-11-30,Reddy Laboratories,304729.1
MED1111,Paracetamol 650mg,Vitamin,Zydus Healthcare,B31215,168.4,1723,150,2025-03-15,2027-11-30,Zydus Healthcare,290153.2
MED1112,Diclofenac 50mg,Antidiabetic,Micro Labs,B45249,129.19,1772,150,2025-03-15,2027-11-30,Micro Labs,228924.68
MED1113,Atorvastatin 10mg,Anti-inflammatory,Micro Labs,B68959,93.07,1988,150,2025-03-15,2027-11-30,Micro Labs,185023.16
MED1114,Cetirizine Syrup,Vitamin,Abbott India,B82540,189.39,1240,150,2025-03-15,2027-11-30,Abbott India,234843.6
MED1115,Atorvastatin 10mg,Antihistamine,Micro Labs,B88701,71.59,1637,150,2025-03-15,2027-11-30,Micro Labs,117192.83
MED1116,Atorvastatin 10mg,Anti-inflammatory,Abbott India,B62909,75.79,724,150,2025-03-15,2027-11-30,Abbott India,54871.96
MED1117,Ranitidine 150mg,Analgesic,Zydus Healthcare,B20283,26.32,238,150,2025-03-15,2027-11-30,Zydus Healthcare,6264.16
MED1118,Vitamin D3 Capsule,Antibiotic,Zydus Healthcare,B32016,40.43,912,150,2025-03-15,2027-11-30,Zydus Healthcare,36872.16
MED1119,Paracetamol 650mg,Cardiovascular,Zydus Healthcare,B92022,214.41,1127,150,2025-03-15,2027-11-30,Zydus Healthcare,241640.07
MED1120,Pantoprazole 40mg,Antibiotic,SunPharma Ltd,B56733,87.51,1341,150,2025-03-15,2027-11-30,SunPharma Ltd,117350.91
MED1121,Azithromycin 500mg,Vitamin,Micro Labs,B46427,28.23,1382,150,2025-03-15,2027-11-30,Micro Labs,39013.86
MED1122,Diclofenac 50mg,Antihistamine,Zydus Healthcare,B39164,227.87,129,150,2025-03-15,2027-11-30,Zydus Healthcare,29395.23
MED1123,Atorvastatin 10mg,Antacid,Micro Labs,B61035,182.19,1968,150,2025-03-15,2027-11-30,Micro Labs,358549.92
MED1124,Ranitidine 150mg,Cardiovascular,Abbott India,B72212,230.46,592,150,2025-03-15,2027-11-30,Abbott India,136432.32
MED1125,Azithromycin 500mg,Antacid,SunPharma Ltd,B39550,7.13,1761,150,2025-03-15,2027-11-30,SunPharma Ltd,12555.93
MED1126,Atorvastatin 10mg,Cardiovascular,Micro Labs,B97165,168.95,964,150,2025-03-15,2027-11-30,Micro Labs,162867.8
MED1127,Ranitidine 150mg,Cardiovascular,Cipla TN,B51760,133.03,1135,150,2025-03-15,2027-11-30,Cipla TN,150989.05
MED1128,Pantoprazole 40mg,Antidiabetic,Abbott India,B79865,206.78,1246,150,2025-03-15,2027-11-30,Abbott India,257647.88
MED1129,Metformin 500mg,Vitamin,Zydus Healthcare,B48438,194.26,1770,150,2025-03-15,2027-11-30,Zydus Healthcare,343840.2
MED1130,Vitamin D3 Capsule,Antacid,Zydus Healthcare,B45780,51.94,339,150,2025-03-15,2027-11-30,Zydus Healthcare,17607.66
MED1131,Cetirizine Syrup,Antidiabetic,Abbott India,B97175,87.61,544,150,2025-03-15,2027-11-30,Abbott India,47659.84
MED1132,Metformin 500mg,Antacid,Reddy Laboratories,B36199,192.08,1827,150,2025-03-15,2027-11-30,Reddy Laboratories,350930.16
MED1133,Paracetamol 650mg,Antacid,Micro Labs,B78140,172.87,379,150,2025-03-15,2027-11-30,Micro Labs,65517.73
MED1134,Diclofenac 50mg,Antidiabetic,Micro Labs,B24959,17.36,1320,150,2025-03-15,2027-11-30,Micro Labs,22915.2
MED1135,Cetirizine Syrup,Vitamin,Zydus Healthcare,B26056,205.47,1838,150,2025-03-15,2027-11-30,Zydus Healthcare,377653.86
MED1136,Atorvastatin 10mg,Antidiabetic,Reddy Laboratories,B12728,174.01,418,150,2025-03-15,2027-11-30,Reddy Laboratories,72736.18
MED1137,Metformin 500mg,Antibiotic,Zydus Healthcare,B46036,200.3,439,150,2025-03-15,2027-11-30,Zydus Healthcare,87931.7
MED1138,Diclofenac 50mg,Vitamin,Zydus Healthcare,B79495,32.71,1626,150,2025-03-15,2027-11-30,Zydus Healthcare,53186.46
MED1139,Atorvastatin 10mg,Analgesic,SunPharma Ltd,B53945,5.24,1026,150,2025-03-15,2027-11-30,SunPharma Ltd,5376.24
MED1140,Vitamin D3 Capsule,Antihistamine,Zydus Healthcare,B27705,40.54,331,150,2025-03-15,2027-11-30,Zydus Healthcare,13418.74
MED1141,Azithromycin 500mg,Vitamin,SunPharma Ltd,B14789,18.65,124,150,2025-03-15,2027-11-30,SunPharma Ltd,2312.6
MED1142,Atorvastatin 10mg,Anti-inflammatory,Cipla TN,B52428,139.99,831,150,2025-03-15,2027-11-30,Cipla TN,116331.69
MED1143,Cefixime 200mg,Cardiovascular,Zydus Healthcare,B53674,61.06,1283,150,2025-03-15,2027-11-30,Zydus Healthcare,78339.98
MED1144,Vitamin D3 Capsule,Analgesic,Cipla TN,B33804,73.29,1895,150,2025-03-15,2027-11-30,Cipla TN,138884.55
MED1145,Ranitidine 150mg,Anti-inflammatory,SunPharma Ltd,B87692,104.01,1603,150,2025-03-15,2027-11-30,SunPharma Ltd,166728.03
MED1146,Paracetamol 650mg,Anti-inflammatory,Reddy Laboratories,B74856,158.72,1325,150,2025-03-15,2027-11-30,Reddy Laboratories,210304
MED1147,Vitamin D3 Capsule,Anti-inflammatory,Abbott India,B50943,167.58,1805,150,2025-03-15,2027-11-30,Abbott India,302481.9
MED1148,Metformin 500mg,Anti-inflammatory,SunPharma Ltd,B44604,243.92,352,150,2025-03-15,2027-11-30,SunPharma Ltd,85859.84
MED1149,Diclofenac 50mg,Cardiovascular,Reddy Laboratories,B85498,152.98,1932,150,2025-03-15,2027-11-30,Reddy Laboratories,295557.36
MED1150,Ranitidine 150mg,Antihistamine,Reddy Laboratories,B61356,248.54,986,150,2025-03-15,2027-11-30,Reddy Laboratories,245060.44
MED1151,Telmisartan 40mg,Anti-inflammatory,Abbott India,B11628,169.45,1669,150,2025-03-15,2027-11-30,Abbott India,282812.05
MED1152,Vitamin D3 Capsule,Antidiabetic,Micro Labs,B38923,33.55,228,150,2025-03-15,2027-11-30,Micro Labs,7649.4
MED1153,Cefixime 200mg,Vitamin,Reddy Laboratories,B48891,19.09,975,150,2025-03-15,2027-11-30,Reddy Laboratories,18612.75
MED1154,Amoxicillin 500mg,Antacid,Cipla TN,B59108,19.33,859,150,2025-03-15,2027-11-30,Cipla TN,16604.47
MED1155,Amoxicillin 500mg,Antibiotic,Reddy Laboratories,B33593,240.63,472,150,2025-03-15,2027-11-30,Reddy Laboratories,113577.36
MED1156,Cefixime 200mg,Antacid,Zydus Healthcare,B22904,44.65,526,150,2025-03-15,2027-11-30,Zydus Healthcare,23485.9
MED1157,Metformin 500mg,Vitamin,Micro Labs,B18025,23.04,956,150,2025-03-15,2027-11-30,Micro Labs,22026.24
MED1158,Pantoprazole 40mg,Antidiabetic,Abbott India,B37290,156.36,1641,150,2025-03-15,2027-11-30,Abbott India,256586.76
MED1159,Azithromycin 500mg,Vitamin,Micro Labs,B86574,180.38,1477,150,2025-03-15,2027-11-30,Micro Labs,266421.26
MED1160,Azithromycin 500mg,Cardiovascular,Reddy Laboratories,B26411,212.4,416,150,2025-03-15,2027-11-30,Reddy Laboratories,88358.4
MED1161,Amoxicillin 500mg,Cardiovascular,Reddy Laboratories,B96995,47.94,830,150,2025-03-15,2027-11-30,Reddy Laboratories,39790.2
MED1162,Metformin 500mg,Vitamin,Micro Labs,B30930,85.66,1370,150,2025-03-15,2027-11-30,Micro Labs,117354.2
MED1163,Cefixime 200mg,Antibiotic,Zydus Healthcare,B24807,33.18,909,150,2025-03-15,2027-11-30,Zydus Healthcare,30160.62
MED1164,Cetirizine Syrup,Antibiotic,Zydus Healthcare,B82721,39.56,1956,150,2025-03-15,2027-11-30,Zydus Healthcare,77379.36
MED1165,Paracetamol 650mg,Antibiotic,Micro Labs,B85772,101.41,319,150,2025-03-15,2027-11-30,Micro Labs,32349.79
MED1166,Cefixime 200mg,Antihistamine,SunPharma Ltd,B17988,15.71,1255,150,2025-03-15,2027-11-30,SunPharma Ltd,19716.05
MED1167,Metformin 500mg,Antacid,SunPharma Ltd,B29171,169.42,437,150,2025-03-15,2027-11-30,SunPharma Ltd,74036.54
MED1168,Vitamin D3 Capsule,Analgesic,SunPharma Ltd,B67781,108.65,330,150,2025-03-15,2027-11-30,SunPharma Ltd,35854.5
MED1169,Metformin 500mg,Vitamin,SunPharma Ltd,B75942,98.94,85,150,2025-03-15,2027-11-30,SunPharma Ltd,8409.9
MED1170,Pantoprazole 40mg,Antibiotic,SunPharma Ltd,B85969,216.73,676,150,2025-03-15,2027-11-30,SunPharma Ltd,146509.48
MED1171,Diclofenac 50mg,Anti-inflammatory,Cipla TN,B84657,35.36,575,150,2025-03-15,2027-11-30,Cipla TN,20332
MED1172,Telmisartan 40mg,Anti-inflammatory,Micro Labs,B10513,177.43,1104,150,2025-03-15,2027-11-30,Micro Labs,195882.72
MED1173,Pantoprazole 40mg,Cardiovascular,Zydus Healthcare,B44600,178.56,429,150,2025-03-15,2027-11-30,Zydus Healthcare,76602.24
MED1174,Cefixime 200mg,Analgesic,Reddy Laboratories,B82673,227.3,1566,150,2025-03-15,2027-11-30,Reddy Laboratories,355951.8
MED1175,Vitamin D3 Capsule,Antacid,Reddy Laboratories,B62268,78.74,1774,150,2025-03-15,2027-11-30,Reddy Laboratories,139684.76
MED1176,Vitamin D3 Capsule,Vitamin,Abbott India,B98104,187.03,1320,150,2025-03-15,2027-11-30,Abbott India,246879.6
MED1177,Telmisartan 40mg,Antihistamine,Micro Labs,B60510,39.06,1470,150,2025-03-15,2027-11-30,Micro Labs,57418.2
MED1178,Azithromycin 500mg,Antacid,Reddy Laboratories,B78378,10.3,1918,150,2025-03-15,2027-11-30,Reddy Laboratories,19755.4
MED1179,Paracetamol 650mg,Cardiovascular,Abbott India,B41116,57.24,1606,150,2025-03-15,2027-11-30,Abbott India,91927.44
MED1180,Azithromycin 500mg,Analgesic,SunPharma Ltd,B77995,219.18,1243,150,2025-03-15,2027-11-30,SunPharma Ltd,272440.74
MED1181,Azithromycin 500mg,Antibiotic,Micro Labs,B34791,177.97,1623,150,2025-03-15,2027-11-30,Micro Labs,288845.31
MED1182,Amoxicillin 500mg,Cardiovascular,Micro Labs,B95914,172.23,22,150,2025-03-15,2027-11-30,Micro Labs,3789.06
MED1183,Cefixime 200mg,Antacid,Cipla TN,B77053,116.03,1551,150,2025-03-15,2027-11-30,Cipla TN,179962.53
MED1184,Ranitidine 150mg,Anti-inflammatory,Zydus Healthcare,B63416,174.11,868,150,2025-03-15,2027-11-30,Zydus Healthcare,151127.48
MED1185,Diclofenac 50mg,Antidiabetic,Micro Labs,B59357,31.9,1548,150,2025-03-15,2027-11-30,Micro Labs,49381.2
MED1186,Ranitidine 150mg,Antibiotic,Reddy Laboratories,B65959,186.39,762,150,2025-03-15,2027-11-30,Reddy Laboratories,142029.18
MED1187,Telmisartan 40mg,Antibiotic,Cipla TN,B99713,119.18,1584,150,2025-03-15,2027-11-30,Cipla TN,188781.12
MED1188,Cefixime 200mg,Antibiotic,Micro Labs,B23635,102.71,1672,150,2025-03-15,2027-11-30,Micro Labs,171731.12
MED1189,Azithromycin 500mg,Analgesic,SunPharma Ltd,B34946,127.24,618,150,2025-03-15,2027-11-30,SunPharma Ltd,78634.32
MED1190,Cefixime 200mg,Cardiovascular,Cipla TN,B31775,45.03,465,150,2025-03-15,2027-11-30,Cipla TN,20938.95
MED1191,Pantoprazole 40mg,Cardiovascular,Reddy Laboratories,B54884,150.71,1788,150,2025-03-15,2027-11-30,Reddy Laboratories,269469.48
MED1192,Ranitidine 150mg,Vitamin,SunPharma Ltd,B73266,47.29,348,150,2025-03-15,2027-11-30,SunPharma Ltd,16456.92
MED1193,Atorvastatin 10mg,Antacid,Zydus Healthcare,B38077,233.63,542,150,2025-03-15,2027-11-30,Zydus Healthcare,126627.46
MED1194,Amoxicillin 500mg,Antidiabetic,Cipla TN,B30002,101.6,506,150,2025-03-15,2027-11-30,Cipla TN,51409.6
MED1195,Cefixime 200mg,Antacid,Abbott India,B81466,147.54,599,150,2025-03-15,2027-11-30,Abbott India,88376.46
MED1196,Telmisartan 40mg,Antihistamine,Cipla TN,B17421,139.38,1286,150,2025-03-15,2027-11-30,Cipla TN,179242.68
MED1197,Metformin 500mg,Antidiabetic,Zydus Healthcare,B84852,227.08,1773,150,2025-03-15,2027-11-30,Zydus Healthcare,402612.84
MED1198,Cefixime 200mg,Antihistamine,Reddy Laboratories,B25329,7.42,525,150,2025-03-15,2027-11-30,Reddy Laboratories,3895.5
MED1199,Metformin 500mg,Cardiovascular,Abbott India,B75234,77.44,747,150,2025-03-15,2027-11-30,Abbott India,57847.68
MED1200,Ranitidine 150mg,Analgesic,Zydus Healthcare,B23743,28.34,1668,150,2025-03-15,2027-11-30,Zydus Healthcare,47271.12
